ngram,reviews_mentioning_ngram,avg_rating_0_5,avg_rating_percent
while,332,4.524,90.5
like,1525,4.549,91.0
coming,149,4.416,88.3
mncs,78,4.485,89.7
data,451,4.532,90.6
processing,32,4.494,89.9
subjects,289,4.534,90.7
amp,2074,4.542,90.8
room,483,4.538,90.8
should,292,4.484,89.7
we,1239,4.550,91.0
fest,560,4.577,91.5
average,1530,4.539,90.8
get,1447,4.541,90.8
ctc,92,4.566,91.3
advanced,224,4.503,90.1
extra,238,4.544,90.9
shlok,2,4.300,86.0
mentally,4,4.600,92.0
department,913,4.539,90.8
bombay,509,4.576,91.5
life,2069,4.543,90.9
up,517,4.555,91.1
electrical,482,4.558,91.2
percent,291,4.541,90.8
buildings,203,4.560,91.2
classrooms,1276,4.540,90.8
i,1572,4.543,90.9
chosen,119,4.576,91.5
passing,191,4.523,90.5
course,1774,4.545,90.9
finance,373,4.584,91.7
there,1695,4.552,91.0
package,1656,4.547,90.9
tv,77,4.581,91.6
something,138,4.523,90.5
time,664,4.511,90.2
they,1669,4.542,90.8
discipline,29,4.341,86.8
placements,2074,4.543,90.9
icici,58,4.580,91.6
really,613,4.558,91.2
student,1120,4.560,91.2
oct,253,4.516,90.3
least,151,4.568,91.4
old,395,4.490,89.8
well,1516,4.542,90.8
available,1322,4.543,90.9
from,1645,4.561,91.2
facilities,1725,4.550,91.0
range,177,4.539,90.8
are,2053,4.543,90.9
was,1329,4.534,90.7
as,1549,4.533,90.7
wi,1491,4.551,91.0
studies,576,4.508,90.2
degree,238,4.542,90.8
hostel,1496,4.539,90.8
an,1223,4.552,91.0
regarding,133,4.538,90.8
and,2100,4.544,90.9
jee,250,4.490,89.8
kinds,104,4.517,90.3
exams,1046,4.518,90.4
totally,77,4.581,91.6
fascinates,1,4.000,80.0
food,1541,4.540,90.8
major,199,4.621,92.4
rank,189,4.452,89.0
opportunities,629,4.571,91.4
recruiting,710,4.528,90.6
civil,482,4.555,91.1
new,514,4.531,90.6
qualified,1174,4.534,90.7
highly,808,4.577,91.5
existing,8,4.675,93.5
higher,435,4.558,91.2
fully,339,4.564,91.3
may,438,4.506,90.1
you,1296,4.545,90.9
communication,89,4.566,91.3
placed,1561,4.548,91.0
this,1847,4.542,90.8
happening,66,4.448,89.0
regard,10,4.600,92.0
scientist,112,4.513,90.3
year,1249,4.548,91.0
members,912,4.568,91.4
semester,984,4.518,90.4
development,303,4.629,92.6
their,1348,4.555,91.1
lectures,271,4.468,89.4
enough,342,4.553,91.1
worry,47,4.629,92.6
that,1479,4.545,90.9
labs,1225,4.567,91.3
signal,34,4.488,89.8
put,89,4.490,89.8
residential,40,4.565,91.3
project,162,4.534,90.7
professor,283,4.508,90.2
mood,168,4.637,92.7
will,843,4.550,91.0
all,1770,4.558,91.2
fi,1488,4.551,91.0
spend,37,4.627,92.5
moderate,134,4.546,90.9
work,578,4.553,91.1
or,891,4.531,90.6
infrastructure,2067,4.543,90.9
approach,95,4.625,92.5
read,2103,4.545,90.9
branch,547,4.546,90.9
students,2028,4.541,90.8
more,2103,4.545,90.9
on,2103,4.545,90.9
too,519,4.563,91.3
academic,466,4.566,91.3
curriculum,1471,4.547,90.9
books,562,4.546,90.9
faculty,2102,4.545,90.9
be,1180,4.521,90.4
go,501,4.555,91.1
can,1341,4.534,90.7
do,652,4.556,91.1
for,2090,4.544,90.9
related,307,4.617,92.3
many,1376,4.560,91.2
states,20,4.237,84.7
ac,219,4.528,90.6
those,207,4.500,90.0
strength,73,4.560,91.2
sweet,6,4.367,87.3
guidance,63,4.539,90.8
heavenly,3,4.400,88.0
fundamental,12,4.467,89.3
with,1879,4.544,90.9
placement,1306,4.540,90.8
oriented,127,4.582,91.6
central,249,4.622,92.4
got,1281,4.562,91.2
if,921,4.533,90.7
domains,120,4.599,92.0
then,367,4.498,90.0
taking,80,4.463,89.3
it,1943,4.548,91.0
here,1114,4.558,91.2
industry,1087,4.551,91.0
percentage,637,4.505,90.1
ready,692,4.530,90.6
a,2058,4.545,90.9
difficulty,166,4.554,91.1
batch,2103,4.545,90.9
mostly,341,4.542,90.8
becomes,28,4.543,90.9
country,439,4.612,92.2
highest,1479,4.540,90.8
provided,675,4.494,89.9
iit,1725,4.540,90.8
role,174,4.533,90.7
special,79,4.613,92.3
slightly,38,4.468,89.4
through,387,4.549,91.0
core,860,4.578,91.6
keep,107,4.472,89.4
varied,47,4.607,92.1
dearth,2,4.300,86.0
hard,401,4.537,90.7
reviewed,2103,4.545,90.9
at,1382,4.532,90.6
them,895,4.517,90.3
any,802,4.566,91.3
my,1125,4.509,90.2
where,397,4.573,91.5
spot,24,4.633,92.7
paper,63,4.497,89.9
expect,98,4.544,90.9
depends,256,4.518,90.4
much,618,4.524,90.5
services,174,4.529,90.6
everything,476,4.594,91.9
the,2097,4.544,90.9
festivals,138,4.593,91.9
helpful,1635,4.542,90.8
professors,991,4.547,90.9
have,1701,4.548,91.0
teaching,1351,4.545,90.9
issues,125,4.584,91.7
b,1786,4.547,90.9
same,260,4.559,91.2
great,784,4.575,91.5
crowd,2066,4.543,90.9
schools,63,4.591,91.8
compared,369,4.535,90.7
offered,1474,4.545,90.9
but,1532,4.524,90.5
has,1514,4.554,91.1
money,2074,4.543,90.9
events,710,4.553,91.1
outstanding,51,4.602,92.0
celebrated,17,4.529,90.6
par,80,4.541,90.8
lpa,1331,4.541,90.8
rd,148,4.559,91.2
about,1156,4.527,90.5
since,193,4.483,89.7
library,1383,4.546,90.9
take,477,4.538,90.8
tech,1783,4.551,91.0
interviews,75,4.572,91.4
during,461,4.501,90.0
companies,1681,4.558,91.2
referral,3,4.667,93.3
bank,195,4.587,91.7
nemani,2,4.300,86.0
things,416,4.537,90.7
pen,7,4.629,92.6
research,822,4.566,91.3
in,2099,4.545,90.9
me,311,4.525,90.5
value,2074,4.543,90.9
culture,231,4.597,91.9
good,1982,4.545,90.9
internships,1115,4.546,90.9
prepared,70,4.368,87.4
some,1227,4.530,90.6
way,343,4.585,91.7
due,206,4.503,90.1
people,935,4.560,91.2
of,2103,4.545,90.9
based,363,4.483,89.7
m,824,4.558,91.2
dinner,33,4.532,90.6
engineering,1752,4.545,90.9
ee,57,4.593,91.9
including,304,4.559,91.2
to,2065,4.546,90.9
gym,263,4.566,91.3
internship,716,4.577,91.5
college,1816,4.541,90.8
done,253,4.483,89.7
integrated,178,4.505,90.1
being,452,4.522,90.4
sure,77,4.510,90.2
techfest,120,4.625,92.5
bit,284,4.498,90.0
four,86,4.556,91.1
around,1183,4.540,90.8
what,315,4.475,89.5
indigo,167,4.653,93.1
mass,13,4.477,89.5
other,1929,4.543,90.9
better,526,4.511,90.2
years,480,4.524,90.5
godrej,21,4.612,92.2
top,1403,4.542,90.8
cse,200,4.574,91.5
open,424,4.556,91.1
feel,173,4.508,90.2
mess,1166,4.563,91.3
hiring,48,4.495,89.9
classroom,226,4.547,90.9
quite,540,4.511,90.2
pattern,34,4.459,89.2
consulting,395,4.522,90.4
no,677,4.498,90.0
s,1230,4.540,90.8
level,390,4.510,90.2
so,1096,4.535,90.7
after,397,4.479,89.6
equipped,584,4.585,91.7
campus,2070,4.542,90.8
is,2086,4.545,90.9
thrown,2,4.300,86.0
examination,44,4.503,90.1
regards,4,4.650,93.0
very,1833,4.542,90.8
fazil,4,4.700,94.0
come,456,4.547,90.9
recruitment,113,4.513,90.3
support,220,4.564,91.3
stress,38,4.533,90.7
class,687,4.606,92.1
access,183,4.589,91.8
google,721,4.580,91.6
did,147,4.570,91.4
samsung,177,4.577,91.5
easily,286,4.573,91.5
options,141,4.611,92.2
science,850,4.551,91.0
practical,336,4.647,92.9
pass,603,4.490,89.8
ml,46,4.439,88.8
found,1061,4.550,91.0
accessible,71,4.530,90.6
recreational,31,4.676,93.5
ashraf,6,4.767,95.3
rate,177,4.465,89.3
teachers,1332,4.520,90.4
world,619,4.570,91.4
medical,764,4.549,91.0
grounds,237,4.561,91.2
hygienic,157,4.577,91.5
rooms,787,4.551,91.0
microsoft,753,4.563,91.3
emerging,25,4.536,90.7
amazon,415,4.586,91.7
hostels,1093,4.543,90.9
overall,589,4.559,91.2
quality,1250,4.553,91.1
f,30,4.560,91.2
approximately,241,4.548,91.0
challenging,67,4.588,91.8
focus,123,4.594,91.9
housekeeping,4,4.700,94.0
experienced,297,4.564,91.3
candidates,46,4.610,92.2
r,250,4.578,91.6
nvidia,45,4.467,89.3
ai,72,4.544,90.9
systems,101,4.605,92.1
knowledge,734,4.562,91.2
depth,53,4.587,91.7
internet,298,4.577,91.5
moderately,34,4.535,90.7
two,331,4.559,91.2
experience,691,4.577,91.5
aug,180,4.534,90.7
boasted,4,4.700,94.0
topics,129,4.493,89.9
computer,687,4.574,91.5
d,460,4.496,89.9
x,207,4.621,92.4
clean,325,4.485,89.7
practically,35,4.629,92.6
excellent,770,4.574,91.5
adobe,142,4.571,91.4
qualcomm,123,4.592,91.8
high,861,4.557,91.1
sports,1482,4.554,91.1
canteen,663,4.537,90.7
smart,115,4.474,89.5
requiring,12,4.567,91.3
theoretical,73,4.605,92.1
lowest,992,4.533,90.7
apple,100,4.562,91.2
annum,536,4.579,91.6
crores,329,4.606,92.1
chose,491,4.491,89.8
give,325,4.558,91.2
delicious,57,4.523,90.5
sai,50,4.408,88.2
because,846,4.524,90.5
makes,528,4.566,91.3
jul,220,4.550,91.0
easy,408,4.529,90.6
every,1282,4.563,91.3
knowledgeable,839,4.544,90.9
thing,431,4.512,90.2
per,839,4.557,91.1
best,1563,4.567,91.3
flipkart,196,4.642,92.8
metallurgical,78,4.538,90.8
our,1409,4.544,90.9
materials,193,4.610,92.2
useful,207,4.580,91.6
interesting,179,4.511,90.2
relevant,711,4.524,90.5
skills,318,4.550,91.0
difficult,611,4.523,90.5
increased,43,4.572,91.4
bhogalapalli,2,4.700,94.0
almost,881,4.571,91.4
usually,155,4.523,90.5
exam,385,4.480,89.6
jun,323,4.568,91.4
gone,16,4.413,88.2
back,47,4.334,86.7
number,377,4.544,90.9
write,29,4.600,92.0
big,516,4.540,90.8
future,245,4.541,90.8
canteens,262,4.610,92.2
intellectual,20,4.680,93.6
originally,4,4.500,90.0
affordable,79,4.550,91.0
prepare,109,4.523,90.5
problem,201,4.537,90.7
passed,100,4.559,91.2
by,1189,4.529,90.6
been,341,4.518,90.4
score,150,4.515,90.3
resources,94,4.562,91.2
marks,183,4.575,91.5
hope,12,4.600,92.0
also,1675,4.547,90.9
main,190,4.495,89.9
individuals,18,4.356,87.1
somewhere,38,4.534,90.7
adjustable,6,4.633,92.7
single,236,4.544,90.9
test,59,4.508,90.2
who,736,4.536,90.7
patents,12,4.667,93.3
lucky,20,4.730,94.6
comfortable,110,4.565,91.3
entrance,22,4.500,90.0
throughout,228,4.570,91.4
sandesh,2,4.700,94.0
teach,459,4.552,91.0
which,1328,4.540,90.8
served,289,4.588,91.8
intended,6,4.533,90.7
maintained,392,4.514,90.3
hold,50,4.582,91.6
senior,171,4.648,93.0
somewhat,48,4.521,90.4
abroad,121,4.616,92.3
versed,32,4.448,89.0
famous,138,4.554,91.1
tough,378,4.535,90.7
iitb,150,4.662,93.2
quant,88,4.453,89.1
tasty,106,4.369,87.4
us,630,4.551,91.0
first,449,4.550,91.0
dream,215,4.511,90.2
were,1129,4.527,90.5
total,227,4.502,90.0
only,711,4.488,89.8
built,125,4.565,91.3
taught,227,4.505,90.1
rest,157,4.546,90.9
became,9,4.267,85.3
designed,267,4.538,90.8
most,1073,4.550,91.0
shared,48,4.521,90.4
visit,434,4.551,91.0
challenges,38,4.436,88.7
clear,153,4.526,90.5
perspective,38,4.534,90.7
mechanical,510,4.571,91.4
problems,189,4.513,90.3
tata,262,4.554,91.1
etc,1241,4.579,91.6
sumit,46,4.347,86.9
sometimes,260,4.464,89.3
builder,4,4.300,86.0
one,1259,4.567,91.3
cleanliness,33,4.570,91.4
choices,34,4.512,90.2
supply,75,4.463,89.3
water,140,4.468,89.4
kumar,404,4.613,92.3
offers,525,4.527,90.5
eicher,4,4.500,90.0
biggest,219,4.628,92.6
fantastic,52,4.599,92.0
friends,138,4.596,91.9
enhance,37,4.605,92.1
not,1457,4.514,90.3
make,493,4.489,89.8
electricity,39,4.615,92.3
regular,150,4.596,91.9
hygiene,56,4.585,91.7
packages,385,4.546,90.9
anand,35,4.599,92.0
speed,544,4.585,91.7
roles,826,4.551,91.0
provide,432,4.563,91.3
organised,236,4.591,91.8
organise,24,4.608,92.2
rs,251,4.544,90.9
just,454,4.520,90.4
am,587,4.538,90.8
educational,34,4.625,92.5
policies,16,4.650,93.0
experiments,76,4.451,89.0
mbps,127,4.617,92.3
huge,425,4.572,91.4
provides,669,4.564,91.3
rhea,4,4.800,96.0
courses,861,4.559,91.2
industy,2,4.600,92.0
trips,29,4.579,91.6
gets,231,4.594,91.9
style,68,4.559,91.2
app,78,4.453,89.1
examples,29,4.688,93.8
absolutely,206,4.547,90.9
charges,27,4.480,89.6
amount,102,4.501,90.0
pretty,260,4.482,89.6
patel,31,4.582,91.6
real,130,4.439,88.8
person,699,4.535,90.7
beta,2,4.600,92.0
giving,86,4.545,90.9
corner,33,4.594,91.9
jobs,456,4.520,90.4
budget,22,4.616,92.3
checker,6,4.600,92.0
satisfied,346,4.553,91.1
games,506,4.525,90.5
free,479,4.555,91.1
seating,36,4.517,90.3
leaders,30,4.417,88.3
chain,36,4.561,91.2
sjmsom,53,4.603,92.1
chaayos,4,3.962,79.2
despite,24,4.304,86.1
png,26,4.642,92.8
charge,30,4.370,87.4
building,306,4.530,90.6
hands,79,4.622,92.4
introducing,8,4.281,85.6
spread,88,4.523,90.5
separate,233,4.510,90.2
alumni,142,4.550,91.0
fee,136,4.448,89.0
recruiters,365,4.534,90.7
market,64,4.518,90.4
notch,157,4.506,90.1
elective,44,4.528,90.6
learning,426,4.588,91.8
selection,36,4.450,89.0
terms,235,4.509,90.2
reputed,172,4.560,91.2
business,239,4.535,90.7
marico,19,4.489,89.8
subsidized,14,4.518,90.4
paints,15,4.520,90.4
concerning,8,4.381,87.6
needs,181,4.548,91.0
agarwal,17,4.291,85.8
decent,396,4.505,90.1
mehta,84,4.555,91.1
roi,38,4.483,89.7
ccd,54,4.586,91.7
mba,192,4.507,90.1
school,152,4.580,91.6
amol,4,3.962,79.2
projects,358,4.509,90.2
across,212,4.532,90.6
shailesh,84,4.567,91.3
brands,14,4.461,89.2
art,130,4.569,91.4
outlets,63,4.534,90.7
analytics,193,4.610,92.2
state,145,4.559,91.2
asian,29,4.655,93.1
management,460,4.501,90.0
master,192,4.541,90.8
administration,174,4.523,90.5
legacy,6,4.308,86.2
specialization,14,4.418,88.4
respect,41,4.566,91.3
proper,210,4.532,90.6
prices,39,4.636,92.7
j,131,4.580,91.6
summer,142,4.550,91.0
guest,79,4.519,90.4
bad,210,4.404,88.1
amenities,99,4.581,91.6
ebay,4,3.962,79.2
qualities,40,4.264,85.3
recruit,133,4.579,91.6
review,420,4.512,90.2
institute,852,4.545,90.9
income,74,4.481,89.6
wish,129,4.520,90.4
improve,169,4.445,88.9
indian,487,4.540,90.8
technology,632,4.518,90.4
than,954,4.535,90.7
source,17,4.374,87.5
scholarship,133,4.498,90.0
getting,274,4.489,89.8
present,200,4.480,89.6
choose,353,4.562,91.2
therefore,35,4.440,88.8
avoided,2,4.300,86.0
even,500,4.548,91.0
government,159,4.501,90.0
apr,255,4.515,90.3
compulsory,65,4.642,92.8
t,782,4.513,90.3
startups,111,4.446,88.9
perfect,143,4.581,91.6
kind,181,4.609,92.2
already,55,4.524,90.5
volleyball,154,4.520,90.4
courts,236,4.550,91.0
ones,122,4.507,90.1
aditya,62,4.543,90.9
attendance,90,4.596,91.9
field,490,4.558,91.2
india,1038,4.598,92.0
willing,52,4.625,92.5
cracked,2,4.300,86.0
solve,98,4.508,90.2
thought,49,4.583,91.7
nbsp,153,4.430,88.6
indoor,229,4.585,91.7
malpractices,2,4.300,86.0
chill,34,4.588,91.8
shah,8,4.350,87.0
rare,22,4.564,91.3
further,140,4.457,89.1
parental,12,4.667,93.3
green,142,4.572,91.4
mar,275,4.569,91.4
prateek,14,4.743,94.9
nd,131,4.634,92.7
educated,169,4.605,92.1
survive,22,4.427,88.5
scale,19,4.721,94.4
properties,6,4.600,92.0
part,360,4.533,90.7
organized,114,4.518,90.4
yoga,23,4.670,93.4
software,438,4.578,91.6
everywhere,161,4.583,91.7
industries,146,4.553,91.1
actual,12,4.633,92.7
colleges,541,4.543,90.9
iits,358,4.632,92.6
taste,101,4.513,90.3
universities,316,4.557,91.1
belong,23,4.689,93.8
domestic,115,4.626,92.5
crore,445,4.560,91.2
scholarships,295,4.481,89.6
lan,239,4.565,91.3
learn,387,4.565,91.3
faang,11,4.582,91.6
outdoor,100,4.668,93.4
study,748,4.541,90.8
activities,720,4.574,91.5
metals,2,4.900,98.0
eating,21,4.748,95.0
how,257,4.504,90.1
p,294,4.538,90.8
vary,121,4.534,90.7
expectations,49,4.517,90.3
still,178,4.566,91.3
international,306,4.524,90.5
depending,109,4.552,91.0
foreign,271,4.619,92.4
actually,63,4.648,93.0
creating,8,4.750,95.0
both,352,4.594,91.9
fests,503,4.532,90.6
vibrant,44,4.622,92.4
cultural,480,4.601,92.0
extraction,4,4.850,97.0
gives,213,4.582,91.6
st,133,4.590,91.8
complete,113,4.601,92.0
environment,309,4.546,90.9
sharma,101,4.488,89.8
industrial,294,4.534,90.7
explore,195,4.577,91.5
branches,243,4.556,91.1
want,454,4.558,91.2
nits,16,4.541,90.8
play,144,4.529,90.6
happens,58,4.528,90.6
space,96,4.552,91.0
out,543,4.519,90.4
carried,15,4.903,98.1
fields,413,4.579,91.6
sport,170,4.568,91.4
nothing,70,4.461,89.2
firm,16,4.600,92.0
acres,164,4.588,91.8
case,141,4.553,91.1
its,612,4.550,91.0
literally,21,4.410,88.2
street,63,4.505,90.1
multiple,85,4.581,91.6
help,602,4.577,91.5
beautiful,225,4.601,92.0
day,356,4.539,90.8
greenery,95,4.611,92.2
attach,2,4.800,96.0
immense,42,4.571,91.4
dual,71,4.623,92.5
end,260,4.431,88.6
jay,6,4.600,92.0
whole,275,4.593,91.9
technical,397,4.558,91.2
ppos,66,4.620,92.4
dozens,6,4.800,96.0
struggle,12,4.650,93.0
varies,158,4.552,91.0
full,224,4.590,91.8
later,56,4.668,93.4
included,59,4.563,91.3
records,39,4.540,90.8
jane,47,4.485,89.7
another,96,4.603,92.1
hall,282,4.487,89.7
super,80,4.581,91.6
varieties,32,4.450,89.0
interns,52,4.616,92.3
eco,17,4.744,94.9
sector,235,4.548,91.0
different,526,4.540,90.8
aim,13,4.723,94.5
along,199,4.551,91.0
program,134,4.483,89.7
system,219,4.521,90.4
rathod,6,4.733,94.7
journals,77,4.525,90.5
hft,15,4.193,83.9
own,399,4.532,90.6
few,438,4.544,90.9
night,247,4.516,90.3
mainly,127,4.496,89.9
working,168,4.590,91.8
attend,115,4.473,89.5
sectors,147,4.544,90.9
papers,116,4.531,90.6
interest,338,4.589,91.8
each,553,4.566,91.3
friendly,296,4.552,91.0
seem,37,4.411,88.2
consult,26,4.515,90.3
texas,105,4.493,89.9
hire,82,4.620,92.4
meals,49,4.441,88.8
else,53,4.514,90.3
instruments,177,4.542,90.8
under,163,4.585,91.7
devices,40,4.560,91.2
reading,106,4.606,92.1
studying,168,4.513,90.3
newspapers,10,4.680,93.6
ton,4,4.550,91.0
departments,280,4.574,91.5
show,57,4.668,93.4
continuously,26,4.504,90.1
seek,7,4.743,94.9
choice,102,4.569,91.4
improving,45,4.306,86.1
little,231,4.497,89.9
libraries,219,4.601,92.0
would,383,4.555,91.1
above,270,4.505,90.1
gymkhana,65,4.596,91.9
network,129,4.590,91.8
cramped,12,4.233,84.7
discover,6,4.533,90.7
say,164,4.466,89.3
chemical,377,4.550,91.0
supportive,178,4.549,91.0
awesome,359,4.602,92.0
pratiksha,4,4.750,95.0
lecture,395,4.504,90.1
passable,4,4.250,85.0
once,87,4.522,90.4
interdisciplinary,42,4.510,90.2
lot,707,4.562,91.2
maybe,23,4.535,90.7
matter,45,4.507,90.1
bagged,26,4.685,93.7
grow,48,4.686,93.7
enabled,128,4.552,91.0
group,120,4.557,91.1
hospital,459,4.573,91.5
sense,18,4.197,83.9
grand,10,4.620,92.4
peer,40,4.647,93.0
extremely,154,4.625,92.5
entire,129,4.545,90.9
leaves,11,4.073,81.5
into,258,4.554,91.1
kapoor,4,4.600,92.0
lies,26,4.619,92.4
these,381,4.523,90.5
generally,187,4.551,91.0
need,405,4.543,90.9
engaging,13,4.550,91.0
figure,21,4.579,91.6
complexes,43,4.552,91.0
dedicated,96,4.599,92.0
l,139,4.496,89.9
small,237,4.502,90.0
before,159,4.507,90.1
city,120,4.607,92.1
know,329,4.514,90.3
nice,323,4.525,90.5
adani,10,4.460,89.2
expected,116,4.468,89.4
effort,77,4.396,87.9
host,18,4.644,92.9
cream,13,4.585,91.7
engineer,293,4.543,90.9
table,231,4.522,90.4
feb,306,4.547,90.9
lakshya,6,4.533,90.7
largest,182,4.613,92.3
supreme,8,4.750,95.0
everyone,342,4.591,91.8
could,190,4.533,90.7
reviewer,2,4.600,92.0
okay,127,4.383,87.7
sbi,18,4.733,94.7
festival,112,4.605,92.1
over,435,4.587,91.7
air,622,4.556,91.1
why,72,4.544,90.9
connectivity,240,4.593,91.9
asia,154,4.657,93.1
waived,6,4.867,97.3
tuition,30,4.620,92.4
design,200,4.510,90.2
median,151,4.487,89.7
institutions,78,4.556,91.1
plenty,60,4.585,91.7
jain,89,4.575,91.5
worth,132,4.533,90.7
such,441,4.583,91.7
goes,120,4.495,89.9
sc,294,4.526,90.5
manager,153,4.582,91.6
conditioning,69,4.545,90.9
think,235,4.569,91.4
music,132,4.558,91.2
lakhs,221,4.594,91.9
common,170,4.518,90.4
dlf,2,4.600,92.0
equipment,308,4.583,91.7
tennis,281,4.563,91.3
irrelevant,30,4.453,89.1
pool,264,4.575,91.5
grades,124,4.525,90.5
private,82,4.535,90.7
structural,28,4.629,92.6
consultancy,122,4.598,92.0
secretary,18,4.400,88.0
seminar,43,4.538,90.8
having,218,4.591,91.8
institution,79,4.605,92.1
team,157,4.517,90.3
sahil,12,4.617,92.3
halls,263,4.551,91.0
tanania,2,4.800,96.0
humour,2,4.800,96.0
general,132,4.594,91.9
jlr,14,4.686,93.7
affairs,2,4.800,96.0
drdo,24,4.450,89.0
head,35,4.639,92.8
coordinator,12,4.717,94.3
particular,85,4.547,90.9
tracks,6,4.733,94.7
enrolled,28,4.271,85.4
deep,65,4.655,93.1
preparation,76,4.569,91.4
sachs,260,4.567,91.3
bigger,20,4.377,87.5
midterms,4,4.550,91.0
assignments,143,4.541,90.8
develop,80,4.594,91.9
scope,98,4.578,91.6
parent,8,4.775,95.5
networking,4,4.650,93.0
solving,75,4.554,91.1
statistics,129,4.513,90.3
mckinsey,83,4.576,91.5
concept,77,4.452,89.0
divided,40,4.578,91.6
facility,607,4.588,91.8
heavy,27,4.506,90.1
ensuring,8,4.625,92.5
specific,95,4.495,89.9
include,256,4.545,90.9
institutes,176,4.592,91.8
reliance,110,4.573,91.5
sems,2,4.500,90.0
weightage,17,4.506,90.1
secure,67,4.632,92.6
goldman,260,4.561,91.2
beyond,39,4.390,87.8
sahu,22,4.591,91.8
mrutyunjaya,2,4.500,90.0
cables,13,4.492,89.8
improved,110,4.361,87.2
quizzes,131,4.550,91.0
understanding,108,4.506,90.1
academics,339,4.552,91.0
kho,10,4.620,92.4
education,289,4.569,91.4
start,184,4.510,90.2
athletic,16,4.625,92.5
multi,24,4.650,93.0
aerospace,239,4.530,90.6
designer,22,4.468,89.4
lab,350,4.580,91.6
published,34,4.546,90.9
bmw,4,4.600,92.0
staff,186,4.474,89.5
c,91,4.615,92.3
swimming,253,4.570,91.4
within,125,4.599,92.0
made,303,4.458,89.2
opportunity,180,4.629,92.6
chiranth,2,4.600,92.0
cleaning,39,4.604,92.1
v,116,4.532,90.6
curriculums,2,4.600,92.0
examinations,38,4.595,91.9
court,171,4.578,91.6
lead,15,4.577,91.5
airbus,57,4.547,90.9
connection,141,4.487,89.7
automobile,13,4.400,88.0
crowds,8,4.625,92.5
basketball,265,4.539,90.8
production,100,4.448,89.0
ground,239,4.552,91.0
moment,20,4.400,88.0
planned,58,4.579,91.6
professionals,38,4.576,91.5
hockey,167,4.538,90.8
succeed,8,4.562,91.2
often,66,4.514,90.3
treatment,40,4.534,90.7
name,129,4.504,90.1
respective,209,4.593,91.9
millions,15,4.747,94.9
especially,131,4.485,89.7
hal,14,4.543,90.9
badminton,282,4.564,91.3
chief,12,4.500,90.0
runs,34,4.663,93.3
thus,46,4.567,91.3
boeing,16,4.625,92.5
conditioned,411,4.563,91.3
various,520,4.586,91.7
stadiums,14,4.771,95.4
known,241,4.539,90.8
football,290,4.550,91.0
specialty,6,4.700,94.0
mistakes,4,4.500,90.0
digital,89,4.604,92.1
using,69,4.545,90.9
cleaned,62,4.506,90.1
method,76,4.562,91.2
safety,12,4.267,85.3
washrooms,61,4.373,87.5
nearly,158,4.578,91.6
countries,59,4.459,89.2
japan,32,4.581,91.6
projectors,163,4.530,90.6
boys,156,4.412,88.2
presentations,78,4.562,91.2
received,123,4.507,90.1
material,86,4.575,91.5
third,95,4.543,90.9
privacy,4,3.950,79.0
uae,12,4.367,87.3
basis,99,4.450,89.0
gadgets,12,4.333,86.7
prashant,6,4.267,85.3
boards,66,4.424,88.5
jan,329,4.563,91.3
girls,165,4.428,88.6
stuck,8,4.362,87.2
situation,42,4.435,88.7
singapore,16,4.572,91.4
last,333,4.545,90.9
singh,183,4.566,91.3
apply,121,4.509,90.2
non,489,4.607,92.1
taken,119,4.600,92.0
concepts,123,4.505,90.1
taiwan,8,4.350,87.0
accommodate,53,4.463,89.3
mail,26,4.446,88.9
postgraduate,18,4.589,91.8
doubts,258,4.561,91.2
bring,31,4.515,90.3
seventh,2,3.900,78.0
although,150,4.419,88.4
aspects,104,4.653,93.1
amazing,393,4.577,91.5
lots,163,4.567,91.3
helping,47,4.462,89.2
sites,8,4.425,88.5
size,182,4.525,90.5
kumari,20,4.350,87.0
love,128,4.582,91.6
visited,248,4.608,92.2
cabins,2,3.900,78.0
undergraduate,54,4.599,92.0
large,229,4.560,91.2
might,115,4.489,89.8
difficulties,30,4.513,90.3
sushma,4,4.250,85.0
upon,70,4.585,91.7
fans,33,4.533,90.7
pyqs,2,3.900,78.0
summary,6,4.467,89.3
notes,36,4.467,89.3
works,82,4.532,90.6
sincerely,10,4.740,94.8
holders,95,4.529,90.6
respected,10,4.380,87.6
cell,267,4.574,91.5
training,131,4.487,89.7
abhishek,56,4.552,91.0
scholars,48,4.464,89.3
needed,129,4.617,92.3
decided,25,4.456,89.1
basic,179,4.519,90.4
fan,20,4.542,90.8
programs,81,4.499,90.0
bed,16,4.475,89.5
cpa,110,4.502,90.0
set,64,4.535,90.7
blocks,32,4.488,89.8
remaining,68,4.576,91.5
ph,288,4.486,89.7
pursue,191,4.487,89.7
tnp,8,4.475,89.5
drive,77,4.515,90.3
skill,61,4.485,89.7
salary,947,4.578,91.6
light,28,4.329,86.6
confused,12,4.533,90.7
yes,283,4.551,91.0
reviews,82,4.593,91.9
majority,92,4.596,91.9
cs,169,4.543,90.9
opt,170,4.581,91.6
responses,32,4.531,90.6
list,50,4.533,90.7
manual,34,4.512,90.2
proactive,32,4.567,91.3
coders,30,4.580,91.6
insights,80,4.519,90.4
operations,110,4.594,91.9
security,84,4.576,91.5
active,112,4.599,92.0
involved,104,4.566,91.3
palmolive,30,4.627,92.5
backgrounds,59,4.515,90.3
dislikes,32,4.531,90.6
ups,86,4.513,90.3
feeling,53,4.530,90.6
likes,43,4.507,90.1
colgate,32,4.627,92.5
accenture,118,4.597,91.9
preferences,38,4.495,89.9
without,113,4.538,90.8
chat,8,4.325,86.5
outside,193,4.460,89.2
started,101,4.418,88.4
entrepreneurship,98,4.539,90.8
extracted,33,4.527,90.5
sales,45,4.456,89.1
takers,30,4.600,92.0
resourceful,32,4.519,90.4
your,663,4.552,91.0
process,213,4.552,91.0
surrounding,63,4.552,91.0
opted,187,4.562,91.2
intervention,32,4.531,90.6
says,35,4.549,91.0
automatically,39,4.554,91.1
personalised,6,4.333,86.7
managers,62,4.451,89.0
strong,137,4.579,91.6
counselor,6,4.333,86.7
matching,8,4.300,86.0
counselling,31,4.452,89.0
marketing,106,4.570,91.4
employment,38,4.589,91.8
initiative,5,4.560,91.2
boring,57,4.572,91.4
important,130,4.610,92.2
surroundings,80,4.563,91.3
kept,47,4.556,91.1
lacs,527,4.546,90.9
connections,75,4.557,91.1
called,123,4.606,92.1
months,79,4.399,88.0
stipends,15,4.693,93.9
greater,27,4.519,90.4
paid,68,4.534,90.7
stipend,207,4.579,91.6
area,285,4.522,90.4
interested,314,4.526,90.5
towards,117,4.504,90.1
methods,190,4.515,90.3
extracurriculars,13,4.569,91.4
worldwide,20,4.610,92.2
half,48,4.584,91.7
biometric,1,4.800,96.0
subsidised,15,4.563,91.3
modern,184,4.599,92.0
peers,25,4.406,88.1
phds,76,4.555,91.1
mot,1,4.800,96.0
does,210,4.469,89.4
mumbai,92,4.588,91.8
offer,305,4.527,90.5
studint,2,4.800,96.0
particularly,27,4.652,93.0
growth,60,4.619,92.4
kartik,10,4.640,92.8
among,297,4.589,91.8
influential,2,4.800,96.0
chowda,4,4.850,97.0
going,185,4.511,90.2
pay,87,4.613,92.3
personal,95,4.577,91.5
mock,26,4.515,90.3
ppo,57,4.458,89.2
freshie,8,4.650,93.0
ratio,326,4.573,91.5
exposure,334,4.600,92.0
public,45,4.639,92.8
unpaid,5,4.600,92.0
fast,115,4.613,92.3
job,415,4.549,91.0
usual,23,4.426,88.5
aome,1,4.800,96.0
others,267,4.462,89.2
renovated,46,4.412,88.2
asleep,2,4.800,96.0
increase,72,4.565,91.3
interaction,100,4.547,90.9
online,198,4.486,89.7
rack,2,4.800,96.0
slides,90,4.632,92.6
flexible,95,4.672,93.4
blazing,6,4.800,96.0
used,197,4.544,90.9
luxurious,28,4.577,91.5
posh,16,4.500,90.0
conducive,17,4.771,95.4
efforts,60,4.530,90.6
definetly,1,4.800,96.0
highlight,16,4.859,97.2
professional,84,4.560,91.2
ensure,45,4.556,91.1
positions,55,4.627,92.5
kc,8,4.800,96.0
gradual,2,4.800,96.0
firms,119,4.504,90.1
cost,116,4.577,91.5
places,168,4.569,91.4
normal,70,4.516,90.3
renowned,89,4.610,92.2
month,249,4.550,91.0
banks,35,4.596,91.9
making,103,4.518,90.4
luring,4,4.750,95.0
attractive,34,4.599,92.0
manan,5,4.680,93.6
itself,160,4.518,90.4
hill,37,4.689,93.8
facebook,131,4.647,92.9
live,169,4.585,91.7
answer,32,4.478,89.6
teacher,154,4.550,91.0
inside,260,4.606,92.1
overshadows,4,4.750,95.0
place,458,4.549,91.0
never,149,4.599,92.0
tayal,7,4.543,90.9
mt,5,4.640,92.8
regret,28,4.650,93.0
lake,43,4.748,95.0
vacations,2,4.400,88.0
land,46,4.536,90.7
th,136,4.499,90.0
comprising,12,4.633,92.7
smooth,21,4.700,94.0
wisely,6,3.967,79.3
dd,12,4.550,91.0
finally,13,4.492,89.8
helps,189,4.616,92.3
efficient,63,4.526,90.5
cover,38,4.605,92.1
fabulous,28,4.586,91.7
gross,4,4.450,89.0
arena,14,4.296,85.9
contains,73,4.482,89.6
tutorials,62,4.587,91.7
departmental,52,4.613,92.3
conglomerates,2,4.400,88.0
squash,143,4.526,90.5
g,121,4.599,92.0
skilled,49,4.433,88.7
theoretically,10,4.640,92.8
sk,42,4.455,89.1
ivy,11,4.509,90.2
cricket,349,4.572,91.4
shriyank,2,4.400,88.0
conducted,354,4.514,90.3
bagging,2,4.400,88.0
recruited,40,4.611,92.2
league,13,4.769,95.4
phenomenal,18,4.586,91.7
brain,36,4.581,91.6
held,255,4.555,91.1
sessions,147,4.554,91.1
extreme,15,4.537,90.7
company,354,4.550,91.0
indoors,6,4.400,88.0
khobragade,2,4.400,88.0
seminars,51,4.498,90.0
purpose,26,4.510,90.2
lecturers,25,4.480,89.6
snooker,8,4.575,91.5
latest,125,4.519,90.4
helped,87,4.548,91.0
share,77,4.528,90.6
hul,92,4.555,91.1
came,139,4.576,91.5
local,16,4.497,89.9
consultants,22,4.502,90.0
post,84,4.531,90.6
digitally,4,4.700,94.0
again,43,4.541,90.8
steel,55,4.553,91.1
developers,26,4.692,93.8
analyst,228,4.536,90.7
vocational,2,5.000,100.0
plants,12,4.329,86.6
ppts,25,4.568,91.4
use,256,4.500,90.0
low,173,4.482,89.6
anonymous,281,4.389,87.8
financial,65,4.541,90.8
spaced,8,4.619,92.4
e,196,4.580,91.6
though,184,4.571,91.4
damaged,2,5.000,100.0
handled,25,4.662,93.2
mems,12,4.500,90.0
daga,2,4.900,98.0
engineers,131,4.571,91.4
gail,13,4.646,92.9
care,114,4.526,90.5
curricular,147,4.593,91.9
interhostel,3,4.800,96.0
treatments,4,4.750,95.0
ongc,39,4.667,93.3
peoples,10,4.680,93.6
financially,14,4.614,92.3
however,296,4.513,90.3
rajat,12,4.533,90.7
face,118,4.554,91.1
stuff,34,4.576,91.5
cheap,41,4.472,89.4
dengue,2,4.900,98.0
renovation,24,4.517,90.3
beds,26,4.492,89.8
surrounded,37,4.508,90.2
airports,2,4.900,98.0
repeated,2,4.900,98.0
assigned,38,4.532,90.6
co,87,4.541,90.8
collection,74,4.553,91.1
cult,12,4.800,96.0
run,92,4.558,91.2
railway,25,4.592,91.8
specialist,17,4.568,91.4
tinkerer,2,4.900,98.0
bpcl,15,4.613,92.3
trip,8,4.419,88.4
competitions,137,4.607,92.1
disease,2,4.900,98.0
sail,14,4.675,93.5
accommodation,62,4.556,91.1
analysts,36,4.429,88.6
takes,79,4.576,91.5
effective,36,4.367,87.3
given,300,4.610,92.2
deloitte,50,4.395,87.9
station,48,4.681,93.6
powai,45,4.678,93.6
weak,23,4.652,93.0
k,209,4.653,93.1
doctors,63,4.521,90.4
virar,2,4.900,98.0
ration,2,4.900,98.0
chemists,4,4.650,93.0
sameer,7,4.886,97.7
calling,2,4.900,98.0
issue,107,4.556,91.1
trying,22,4.500,90.0
understand,193,4.455,89.1
smartboard,5,4.520,90.4
smartly,4,4.800,96.0
airport,41,4.590,91.8
round,80,4.634,92.7
facing,23,4.380,87.6
nutrients,4,4.525,90.5
arvind,10,4.620,92.4
projector,84,4.586,91.7
less,296,4.462,89.2
teached,3,4.867,97.3
rich,31,4.665,93.3
ak,42,4.683,93.7
roadways,2,4.800,96.0
enjoyments,2,4.800,96.0
condition,123,4.547,90.9
dhope,2,4.900,98.0
close,59,4.501,90.0
cr,70,4.569,91.4
find,237,4.566,91.3
supported,22,4.582,91.6
nature,90,4.632,92.6
clubs,342,4.570,91.4
reach,87,4.570,91.4
hues,2,4.900,98.0
initiatives,13,4.415,88.3
valuable,35,4.413,88.3
hosts,33,4.694,93.9
supporting,16,4.528,90.6
completely,123,4.546,90.9
breaking,6,4.867,97.3
kd,4,4.850,97.0
council,14,4.529,90.6
doing,155,4.560,91.2
don,421,4.519,90.4
spacey,2,4.900,98.0
re,58,4.482,89.6
hence,124,4.464,89.3
ll,71,4.518,90.4
kiran,8,4.750,95.0
reliable,11,4.545,90.9
focused,68,4.594,91.9
couple,16,4.675,93.5
consisting,18,4.811,96.2
profiles,128,4.652,93.0
amounting,2,4.900,98.0
allowing,12,4.417,88.3
his,80,4.574,91.5
extracurricular,335,4.568,91.4
consists,65,4.535,90.7
hobbies,18,4.622,92.4
stand,15,4.577,91.5
grasped,8,4.600,92.0
residing,4,4.600,92.0
played,47,4.567,91.3
sagar,14,4.471,89.4
areas,163,4.645,92.9
price,39,4.705,94.1
laboratories,149,4.606,92.1
larger,6,4.842,96.8
tutorial,45,4.529,90.6
visiting,100,4.542,90.8
encouraging,21,4.460,89.2
apart,200,4.550,91.0
chirania,2,4.900,98.0
engage,28,4.470,89.4
complex,253,4.521,90.4
spacious,165,4.586,91.7
hairanandani,2,4.900,98.0
december,56,4.596,91.9
doubt,148,4.561,91.2
probably,52,4.477,89.5
amongst,25,4.578,91.6
organize,9,4.733,94.7
itc,130,4.637,92.7
patil,8,4.575,91.5
energy,69,4.435,88.7
iim,14,4.357,87.1
cannot,91,4.488,89.8
prefer,87,4.437,88.7
join,138,4.637,92.7
upsc,43,4.460,89.2
power,103,4.436,88.7
freshers,65,4.553,91.1
older,39,4.515,90.3
bee,2,4.500,90.0
doctoral,16,4.688,93.8
sp,20,4.697,94.0
mit,50,4.589,91.8
ada,2,4.500,90.0
holds,23,4.617,92.3
citibank,14,4.443,88.9
commented,2,4.500,90.0
programme,96,4.557,91.1
zurich,2,4.500,90.0
yale,8,4.575,91.5
changes,44,4.514,90.3
eth,2,4.500,90.0
till,201,4.523,90.5
compact,16,4.472,89.4
now,276,4.512,90.2
cat,14,4.457,89.1
batches,24,4.515,90.3
stanford,26,4.646,92.9
shubham,28,4.371,87.4
visits,68,4.515,90.3
stats,40,4.531,90.6
premier,48,4.530,90.6
sufficient,91,4.486,89.7
university,120,4.607,92.1
becoming,22,4.507,90.1
pathetic,16,4.300,86.0
qualification,44,4.657,93.1
sj,17,4.474,89.5
traditional,18,4.608,92.2
equipments,61,4.534,90.7
siddhant,4,4.550,91.0
minimum,187,4.541,90.8
dynamics,8,4.350,87.0
messing,18,4.344,86.9
middle,32,4.628,92.6
moodindigo,4,4.300,86.0
double,100,4.563,91.3
exists,6,4.567,91.3
dept,18,4.525,90.5
rl,4,4.263,85.2
ever,91,4.599,92.0
child,8,4.750,95.0
galore,2,4.400,88.0
respectively,39,4.417,88.3
family,67,4.629,92.6
upto,43,4.648,93.0
las,2,4.400,88.0
lakhani,2,4.400,88.0
whose,37,4.345,86.9
pa,36,4.467,89.3
vicinity,8,4.594,91.9
inclined,29,4.545,90.9
mcm,32,4.438,88.8
smaller,27,4.402,88.0
profession,12,4.758,95.2
personality,64,4.617,92.3
includes,127,4.554,91.1
dance,151,4.545,90.9
hiranandani,10,4.540,90.8
named,111,4.620,92.4
lhs,2,4.400,88.0
drawing,5,4.560,91.2
authors,22,4.573,91.5
medication,3,4.533,90.7
annual,129,4.659,93.2
jio,15,4.547,90.9
deserving,20,4.560,91.2
specializations,10,4.480,89.6
faced,68,4.496,89.9
residents,17,4.494,89.9
sclumberger,2,4.400,88.0
raj,55,4.545,90.9
banking,37,4.650,93.0
tas,34,4.531,90.6
cases,66,4.556,91.1
improvement,94,4.507,90.1
far,146,4.586,91.7
occupancy,31,4.458,89.2
lts,2,4.400,88.0
kilometer,4,4.650,93.0
standards,99,4.549,91.0
previous,140,4.531,90.6
compromised,11,4.709,94.2
larsen,28,4.564,91.3
drama,37,4.520,90.4
informative,8,4.600,92.0
toubro,24,4.542,90.8
fluid,20,4.630,92.6
hydraulics,9,4.378,87.6
earn,18,4.728,94.6
exposed,12,4.567,91.3
surity,2,4.500,90.0
interactive,81,4.567,91.3
talent,45,4.622,92.4
anything,120,4.570,91.4
chance,124,4.541,90.8
experiment,23,4.487,89.7
combine,2,4.500,90.0
nerds,4,4.600,92.0
doesnot,2,4.500,90.0
oil,23,4.209,84.2
prajval,2,4.500,90.0
everygame,2,4.500,90.0
ps,22,4.645,92.9
olympic,98,4.642,92.8
always,404,4.546,90.9
somani,2,4.500,90.0
auto,40,4.415,88.3
speeds,14,4.557,91.1
campuses,33,4.644,92.9
seen,87,4.475,89.5
gyms,44,4.541,90.8
ultimate,7,4.593,91.9
psus,24,4.477,89.5
seperate,4,4.550,91.0
intern,48,4.317,86.3
ambekar,2,5.000,100.0
leisure,6,4.800,96.0
floe,2,5.000,100.0
bosch,35,4.669,93.4
second,194,4.535,90.7
went,115,4.539,90.8
makesus,2,5.000,100.0
reason,63,4.583,91.7
proud,28,4.732,94.6
physics,227,4.479,89.6
futures,10,4.890,97.8
anuum,2,5.000,100.0
layer,2,5.000,100.0
optiver,29,4.538,90.8
leave,44,4.570,91.4
maths,52,4.535,90.7
ameya,6,4.833,96.7
hype,10,4.680,93.6
machines,145,4.527,90.5
aa,24,4.696,93.9
lie,5,4.720,94.4
lanhere,2,5.000,100.0
kearney,12,4.533,90.7
chemistry,121,4.543,90.9
traders,10,4.640,92.8
amsterdam,6,4.900,98.0
lacks,39,4.551,91.0
trading,29,4.579,91.6
strategy,32,4.473,89.5
horrible,6,4.467,89.3
season,102,4.528,90.6
recruiter,21,4.667,93.3
pioneers,2,5.000,100.0
strict,110,4.583,91.7
infrastructures,35,4.609,92.2
genre,2,5.000,100.0
ss,44,4.602,92.0
shinde,3,4.867,97.3
sushilkumar,2,5.000,100.0
shops,24,4.548,91.0
mark,92,4.567,91.3
heaven,42,4.567,91.3
attaining,2,5.000,100.0
rather,75,4.549,91.0
appeared,27,4.515,90.3
background,48,4.629,92.6
digitised,2,5.000,100.0
coaching,49,4.438,88.8
earth,34,4.492,89.8
surely,52,4.594,91.9
credits,28,4.521,90.4
disciplinary,15,4.747,94.9
fitness,26,4.585,91.7
centre,170,4.561,91.2
serious,32,4.569,91.4
seasons,2,4.600,92.0
manufacturing,49,4.469,89.4
grading,189,4.567,91.3
competitive,87,4.551,91.0
arranged,40,4.534,90.7
relative,93,4.597,91.9
entertained,6,4.700,94.0
anti,6,4.567,91.3
copy,9,4.150,83.0
launge,2,4.600,92.0
activity,97,4.509,90.2
singer,2,4.600,92.0
da,4,4.800,96.0
deepak,14,4.571,91.4
example,43,4.526,90.5
actions,4,4.400,88.0
ambilkar,2,4.600,92.0
content,112,4.582,91.6
availability,59,4.518,90.4
robots,6,4.467,89.3
boasts,22,4.736,94.7
checked,21,4.457,89.1
house,44,4.468,89.4
electric,47,4.517,90.3
similar,68,4.499,90.0
contain,26,4.623,92.5
express,72,4.675,93.5
fit,23,4.467,89.3
forced,6,4.400,88.0
cubicles,2,4.400,88.0
satellite,4,4.450,89.0
replaced,6,4.367,87.3
scenario,77,4.514,90.3
teams,32,4.509,90.2
try,124,4.548,91.0
abhinav,12,4.300,86.0
stay,101,4.481,89.6
cars,6,4.633,92.7
expensive,23,4.609,92.2
regularly,172,4.519,90.4
outdated,69,4.458,89.2
national,92,4.553,91.1
when,282,4.523,90.5
aj,16,4.500,90.0
necessary,137,4.596,91.9
toppers,15,4.553,91.1
hours,223,4.488,89.8
guides,8,4.525,90.5
vinay,22,4.609,92.2
registers,2,4.600,92.0
vm,18,4.556,91.1
expert,22,4.691,93.8
maurya,12,4.483,89.7
comparatively,47,4.397,87.9
phd,169,4.618,92.4
oracle,71,4.558,91.2
frequent,22,4.341,86.8
nc,8,4.800,96.0
energetic,16,4.475,89.5
chavan,2,4.800,96.0
lac,66,4.617,92.3
talented,88,4.649,93.0
additional,26,4.608,92.2
wonderful,73,4.661,93.2
phase,130,4.455,89.1
rigorous,62,4.577,91.5
definitely,115,4.427,88.5
bodies,24,4.600,92.0
happen,79,4.507,90.1
gifts,2,4.800,96.0
god,7,4.714,94.3
nikhil,24,4.508,90.2
machinery,18,4.644,92.9
nation,32,4.631,92.6
build,70,4.569,91.4
auditoriums,25,4.540,90.8
extensions,2,4.800,96.0
career,170,4.580,91.6
either,118,4.552,91.0
begins,6,4.467,89.3
fun,144,4.502,90.0
february,16,4.725,94.5
look,104,4.523,90.5
news,26,4.550,91.0
view,70,4.686,93.7
introduction,25,4.610,92.2
occasionally,14,4.689,93.8
ts,9,4.644,92.9
fine,151,4.495,89.9
friend,20,4.775,95.5
otherwise,58,4.514,90.3
besides,27,4.620,92.4
comes,146,4.615,92.3
sit,108,4.525,90.5
quantitative,18,4.533,90.7
vaibhav,16,4.737,94.8
see,96,4.529,90.6
stars,15,4.427,88.5
backing,2,5.000,100.0
views,8,4.900,98.0
several,112,4.551,91.0
electives,91,4.654,93.1
short,63,4.544,90.9
line,41,4.643,92.9
talking,70,4.460,89.2
transportation,80,4.656,93.1
allow,31,4.529,90.6
moon,3,5.000,100.0
prescribed,7,4.514,90.3
investment,36,4.507,90.1
position,31,4.498,90.0
loving,1,5.000,100.0
keywords,45,4.701,94.0
significant,27,4.502,90.0
minor,56,4.587,91.7
shanavas,2,5.000,100.0
ago,23,4.235,84.7
typically,13,4.646,92.9
fees,146,4.588,91.8
funds,10,4.740,94.8
rescue,2,5.000,100.0
researchers,44,4.608,92.2
tons,9,4.622,92.4
bro,1,5.000,100.0
vs,14,4.650,93.0
ranked,75,4.562,91.2
fake,5,3.880,77.6
mention,50,4.626,92.5
organises,83,4.622,92.4
plentiful,5,4.640,92.8
thariq,2,5.000,100.0
pursues,4,4.800,96.0
option,89,4.609,92.2
fraction,6,4.600,92.0
workshop,21,4.752,95.0
follow,64,4.588,91.8
receiving,8,4.750,95.0
picking,2,5.000,100.0
ask,186,4.467,89.3
flexibility,73,4.551,91.0
wise,124,4.606,92.1
busy,18,4.633,92.7
hundred,8,4.825,96.5
modelling,12,4.600,92.0
theatre,42,4.612,92.2
writing,23,4.574,91.5
usa,26,4.621,92.4
racing,6,4.300,86.0
clarity,10,4.440,88.8
rai,10,4.680,93.6
eatable,18,4.394,87.9
rakshak,2,4.500,90.0
ppt,24,4.542,90.8
pratham,2,4.500,90.0
scene,14,4.446,88.9
auv,2,4.500,90.0
innovation,60,4.531,90.6
pure,26,4.529,90.6
prominent,41,4.543,90.9
restaurant,27,4.680,93.6
participate,132,4.571,91.4
official,52,4.374,87.5
dramatics,23,4.635,92.7
record,103,4.552,91.0
math,28,4.357,87.1
dishes,22,4.716,94.3
quizzing,18,4.689,93.8
dining,10,4.640,92.8
recognised,6,4.375,87.5
europe,8,4.819,96.4
construction,90,4.507,90.1
presentation,25,4.632,92.6
ar,20,4.730,94.6
repair,2,4.500,90.0
win,15,4.513,90.3
points,38,4.541,90.8
enticing,2,4.500,90.0
shunya,2,4.500,90.0
figures,21,4.657,93.1
according,263,4.537,90.7
ample,85,4.619,92.4
arts,44,4.555,91.1
uav,2,4.500,90.0
registered,60,4.655,93.1
aman,23,4.583,91.7
diseases,10,4.285,85.7
numerous,53,4.683,93.7
miss,35,4.406,88.1
initiated,4,4.050,81.0
conducts,61,4.555,91.1
hit,6,4.600,92.0
unofficial,37,4.315,86.3
ran,4,4.600,92.0
maintenance,35,4.491,89.8
classified,2,4.500,90.0
performing,12,4.346,86.9
combination,26,4.515,90.3
healthy,102,4.615,92.3
coordinated,4,4.550,91.0
type,98,4.545,90.9
blackboard,59,4.528,90.6
ranging,99,4.618,92.4
recommended,18,4.556,91.1
adequate,33,4.691,93.8
structures,25,4.504,90.1
australia,6,4.225,84.5
summit,39,4.526,90.5
injuries,10,4.500,90.0
form,29,4.579,91.6
dedhia,2,4.400,88.0
recreation,3,4.600,92.0
jd,2,4.400,88.0
side,77,4.686,93.7
salaries,33,4.538,90.8
optional,7,4.486,89.7
streams,32,4.603,92.1
lower,40,4.443,88.9
jainik,2,4.400,88.0
humanities,40,4.454,89.1
musical,10,4.120,82.4
office,76,4.520,90.4
meet,91,4.454,89.1
superb,60,4.587,91.7
interview,47,4.601,92.0
black,32,4.638,92.8
stone,10,4.720,94.4
akash,23,4.539,90.8
normally,22,4.539,90.8
assistant,76,4.593,91.9
allowed,82,4.427,88.5
anybody,4,4.550,91.0
psu,15,4.453,89.1
abhyuday,8,4.500,90.0
memory,6,4.367,87.3
classes,402,4.564,91.3
cleaner,4,4.350,87.0
cpi,38,4.576,91.5
august,4,4.400,88.0
plan,43,4.514,90.3
responsibility,21,4.410,88.2
possible,140,4.628,92.6
except,145,4.468,89.4
tried,13,4.446,88.9
enthusiast,14,4.346,86.9
graduate,67,4.443,88.9
judge,4,4.400,88.0
eye,8,4.450,89.0
worst,29,4.321,86.4
speaking,20,4.550,91.0
tests,69,4.557,91.1
ineligible,2,3.900,78.0
shortlisting,2,3.900,78.0
proving,4,4.100,82.0
parameters,6,4.325,86.5
shortlist,4,4.300,86.0
convenient,18,4.447,88.9
factors,18,4.611,92.2
optimistic,6,4.300,86.0
competition,102,4.478,89.6
missing,10,4.480,89.6
compare,32,4.595,91.9
aptitude,8,4.400,88.0
myself,36,4.331,86.6
tier,22,4.291,85.8
strives,2,3.900,78.0
off,82,4.424,88.5
yb,2,3.900,78.0
baley,2,3.900,78.0
profile,91,4.624,92.5
yash,25,4.544,90.9
turn,8,4.331,86.6
listening,6,4.133,82.7
rarely,16,4.500,90.0
intriguing,6,4.467,89.3
feedback,28,4.480,89.6
attraction,15,4.480,89.6
precision,6,4.100,82.0
key,72,4.363,87.3
medicines,37,4.427,88.5
unpleasing,2,4.200,84.0
stated,8,4.519,90.4
synthetic,20,4.650,93.0
whereas,62,4.494,89.9
thinking,51,4.581,91.6
unique,67,4.576,91.5
versatile,18,4.311,86.2
multidisciplinary,4,4.400,88.0
increases,28,4.289,85.8
handle,28,4.382,87.6
seems,32,4.325,86.5
seniors,225,4.553,91.1
said,39,4.549,91.0
meeting,9,4.372,87.4
implementation,8,4.550,91.0
thereby,2,4.200,84.0
chaitanya,12,4.717,94.3
kolhe,2,4.200,84.0
accuracy,2,4.200,84.0
worked,35,4.526,90.5
disciplines,28,4.473,89.5
ck,2,4.200,84.0
demanded,6,4.467,89.3
scary,2,4.200,84.0
created,13,4.538,90.8
counterparts,2,4.200,84.0
graduates,49,4.550,91.0
rupees,35,4.656,93.1
harvard,20,4.435,88.7
khonde,2,4.700,94.0
comparable,11,4.650,93.0
postgraduates,6,4.667,93.3
guys,12,4.533,90.7
prestigious,77,4.519,90.4
suggest,48,4.543,90.9
turnout,2,4.600,92.0
session,80,4.595,91.9
saw,36,4.503,90.1
lagging,4,4.600,92.0
fact,62,4.559,91.2
ab,27,4.587,91.7
leading,42,4.523,90.5
comparison,43,4.580,91.6
nobody,17,4.412,88.2
report,99,4.445,88.9
enormous,16,4.453,89.1
witnessing,2,4.600,92.0
applied,125,4.617,92.3
resulting,6,4.700,94.0
pre,81,4.546,90.9
abhijeet,2,4.600,92.0
phases,8,4.575,91.5
reputation,48,4.493,89.9
banthiya,2,4.600,92.0
misses,4,4.400,88.0
aiming,6,4.700,94.0
coding,211,4.623,92.5
hired,38,4.608,92.2
attain,2,4.600,92.0
true,55,4.563,91.3
irrespective,34,4.582,91.6
covers,52,4.629,92.6
prizes,6,4.100,82.0
backlogs,11,4.482,89.6
setups,8,4.575,91.5
eat,66,4.594,91.9
atms,12,4.379,87.6
goal,9,4.339,86.8
corporate,49,4.530,90.6
struggling,2,4.500,90.0
ashwin,4,4.700,94.0
plus,45,4.536,90.7
munjewar,2,4.500,90.0
wifi,57,4.510,90.2
achieve,47,4.501,90.0
meant,16,4.269,85.4
selected,92,4.592,91.8
bill,6,4.767,95.3
ms,49,4.704,94.1
final,148,4.519,90.4
required,254,4.601,92.0
sought,20,4.547,90.9
informal,8,4.750,95.0
tools,22,4.664,93.3
current,66,4.489,89.8
equal,33,4.574,91.5
genuinely,12,4.667,93.3
passion,66,4.480,89.6
insured,4,4.750,95.0
whenever,56,4.618,92.4
talks,14,4.536,90.7
toughest,38,4.568,91.4
pursuing,70,4.527,90.5
question,55,4.395,87.9
lack,91,4.452,89.0
stream,68,4.570,91.4
faculties,47,4.570,91.4
dec,243,4.514,90.3
medically,2,4.700,94.0
excel,42,4.553,91.1
monotonous,8,4.675,93.5
robert,6,4.700,94.0
ep,6,4.633,92.7
junta,2,4.700,94.0
deutsche,42,4.550,91.0
must,89,4.565,91.3
until,47,4.582,91.6
persons,26,4.477,89.5
profs,16,4.600,92.0
names,48,4.622,92.4
goldmann,10,4.620,92.4
obviously,70,4.540,90.8
tell,34,4.347,86.9
agrawal,37,4.589,91.8
fundae,4,4.650,93.0
cleared,29,4.491,89.8
lokesh,6,4.700,94.0
clarify,22,4.686,93.7
wide,123,4.608,92.2
enthusiastic,31,4.484,89.7
capacity,70,4.425,88.5
la,2,4.700,94.0
coder,16,4.812,96.2
winter,27,4.669,93.4
times,166,4.506,90.1
nov,272,4.543,90.9
lavish,8,4.500,90.0
gbps,18,4.522,90.4
types,200,4.584,91.7
sakhare,2,4.800,96.0
subject,250,4.559,91.2
hrs,18,4.639,92.8
didn,86,4.515,90.3
seats,23,4.383,87.7
schlumberger,43,4.674,93.5
guide,66,4.670,93.4
daytime,2,4.900,98.0
trained,32,4.625,92.5
tiwari,19,4.586,91.7
late,51,4.618,92.4
book,110,4.569,91.4
focuses,32,4.525,90.5
away,46,4.626,92.5
moto,2,4.900,98.0
alok,8,4.650,93.0
masters,75,4.470,89.4
trend,20,4.407,88.1
spite,14,4.557,91.1
functioning,18,4.667,93.3
technicians,8,4.725,94.5
mid,65,4.488,89.8
tied,4,4.850,97.0
ways,41,4.560,91.2
individual,81,4.615,92.3
pattie,2,4.700,94.0
volatile,2,4.700,94.0
leads,10,4.740,94.8
accommodating,12,4.362,87.2
variety,170,4.591,91.8
mahajan,8,4.550,91.0
hone,8,4.687,93.7
hour,53,4.551,91.0
ours,5,4.760,95.2
joints,11,4.436,88.7
develops,7,4.743,94.9
past,85,4.414,88.3
vaidehi,2,4.700,94.0
town,12,4.608,92.2
cumulative,4,4.037,80.7
evaluation,27,4.637,92.7
easier,41,4.567,91.3
arrive,4,4.600,92.0
economic,10,4.460,89.2
theory,68,4.478,89.6
shot,8,4.700,94.0
acceptance,2,4.700,94.0
frames,2,4.700,94.0
leader,14,4.639,92.8
considered,74,4.482,89.6
associate,45,4.444,88.9
id,24,4.292,85.8
establishment,2,4.600,92.0
complain,17,4.615,92.3
structured,87,4.594,91.9
reddy,69,4.571,91.4
freedom,93,4.535,90.7
fmcg,51,4.658,93.2
demonetization,6,4.275,85.5
sheets,10,4.340,86.8
numbers,32,4.467,89.3
valuation,2,4.600,92.0
sr,9,4.600,92.0
gaining,14,4.621,92.4
maintain,92,4.519,90.4
congested,19,4.400,88.0
foosball,12,4.450,89.0
issued,17,4.600,92.0
accompanied,8,4.744,94.9
lunch,36,4.501,90.0
additions,2,4.600,92.0
hospitals,28,4.632,92.6
trainees,6,4.467,89.3
disliking,4,4.300,86.0
cheat,4,4.750,95.0
relationship,21,4.702,94.0
reduced,16,4.500,90.0
breakfast,32,4.530,90.6
learned,39,4.560,91.2
degrees,91,4.575,91.5
tt,51,4.722,94.4
satish,4,4.600,92.0
selections,14,4.729,94.6
submission,5,4.530,90.6
accessories,6,4.667,93.3
snacks,22,4.464,89.3
aspirants,19,4.495,89.9
rumoured,2,4.700,94.0
prakhar,6,4.500,90.0
tougher,38,4.442,88.8
scored,14,4.561,91.2
inspire,18,4.689,93.8
consultancies,14,4.386,87.7
young,23,4.411,88.2
bachelor,26,4.569,91.4
conducting,23,4.543,90.9
exact,31,4.632,92.6
nagpure,2,4.800,96.0
sep,230,4.546,90.9
anytime,36,4.606,92.1
stretchable,2,4.800,96.0
vikrant,4,4.500,90.0
leaving,14,4.557,91.1
vn,2,4.800,96.0
silence,7,4.571,91.4
wanted,118,4.506,90.1
chandrahans,2,4.700,94.0
discussions,22,4.343,86.9
experiences,52,4.637,92.7
informed,8,4.700,94.0
polite,19,4.421,88.4
silly,2,4.700,94.0
won,75,4.426,88.5
chunk,4,4.750,95.0
minds,75,4.609,92.2
cd,2,4.700,94.0
divate,2,4.700,94.0
opting,16,4.562,91.2
anywhere,49,4.627,92.5
glimpse,4,4.600,92.0
answering,6,4.300,86.0
cool,48,4.615,92.3
electronics,69,4.576,91.5
body,37,4.572,91.4
text,6,4.192,83.8
centralised,27,4.657,93.1
acs,47,4.506,90.1
sac,44,4.622,92.4
distance,26,4.438,88.8
tl,2,4.700,94.0
cadbury,4,4.650,93.0
thinkers,2,4.700,94.0
barclays,26,4.562,91.2
naik,12,4.633,92.7
three,176,4.485,89.7
akhil,6,4.633,92.7
lakh,120,4.591,91.8
corresponding,4,4.500,90.0
structure,109,4.517,90.3
cisco,26,4.638,92.8
bharat,16,4.375,87.5
meets,20,4.580,91.6
hsbc,18,4.636,92.7
infosys,124,4.584,91.7
running,30,4.583,91.7
menu,81,4.529,90.6
typing,1,4.600,92.0
sophisticated,26,4.608,92.2
pdfs,1,4.600,92.0
coach,10,4.420,88.4
testing,16,4.425,88.5
pictures,3,4.800,96.0
near,98,4.556,91.1
providing,103,4.550,91.0
had,379,4.521,90.4
blowing,17,4.641,92.8
speakers,28,4.571,91.4
switch,14,4.486,89.7
polled,1,4.600,92.0
mtech,14,4.507,90.1
ucture,1,4.600,92.0
amazed,3,4.667,93.3
chair,37,4.401,88.0
upload,1,4.600,92.0
baldev,2,4.600,92.0
mind,92,4.566,91.3
playgrounds,60,4.559,91.2
submissions,7,4.429,88.6
pressure,41,4.428,88.6
extraordinary,53,4.513,90.3
ceo,21,4.588,91.8
revolving,1,4.600,92.0
children,10,4.785,95.7
treat,19,4.558,91.2
information,75,4.493,89.9
btech,63,4.380,87.6
become,150,4.498,90.0
bs,27,4.400,88.0
ports,31,4.626,92.5
furniture,27,4.648,93.0
technologies,73,4.602,92.0
enjoy,182,4.559,91.2
electronic,21,4.657,93.1
developed,73,4.525,90.5
fond,6,4.308,86.2
evolves,2,4.800,96.0
mhrd,9,4.400,88.0
sm,28,4.529,90.6
infinite,10,4.620,92.4
monitoring,2,4.800,96.0
printer,2,4.800,96.0
computers,72,4.633,92.7
giants,37,4.566,91.3
majhi,4,4.650,93.0
webcam,2,4.800,96.0
function,10,4.810,96.2
sanjay,31,4.492,89.8
disappoint,12,4.850,97.0
sujit,2,5.000,100.0
health,148,4.592,91.8
biology,28,4.604,92.1
perform,63,4.648,93.0
stage,12,4.750,95.0
recommend,79,4.672,93.4
between,209,4.619,92.4
practice,58,4.622,92.4
aakash,13,4.769,95.4
rock,10,4.780,95.6
laptops,23,4.522,90.4
scenarios,10,4.590,91.8
himself,14,4.657,93.1
pallonji,6,4.800,96.0
gangwar,2,4.800,96.0
ag,14,4.504,90.1
certain,38,4.454,89.1
vodafone,10,4.540,90.8
boston,10,4.560,91.2
coal,8,4.600,92.0
revised,34,4.596,91.9
sleep,6,4.717,94.3
hpcl,23,4.400,88.0
extent,18,4.600,92.0
pace,19,4.516,90.3
bain,51,4.418,88.4
conditioners,69,4.554,91.1
personalized,8,4.506,90.1
honest,29,4.572,91.4
incredible,20,4.640,92.8
pwc,25,4.590,91.8
game,80,4.660,93.2
proficient,3,4.733,94.7
unilever,45,4.711,94.2
extremes,2,4.800,96.0
consultant,94,4.581,91.6
limited,114,4.521,90.4
trainee,30,4.507,90.1
themselves,63,4.621,92.4
zero,20,4.530,90.6
hindustan,49,4.718,94.4
shapoorji,10,4.640,92.8
researches,10,4.380,87.6
disappointing,6,4.400,88.0
dt,6,4.542,90.8
thakkar,2,4.700,94.0
approachable,66,4.636,92.7
novel,4,4.450,89.0
sat,32,4.531,90.6
holistic,21,4.786,95.7
maximum,155,4.539,90.8
devang,2,4.700,94.0
crammed,2,4.700,94.0
implemented,6,4.733,94.7
flipped,2,4.700,94.0
wholesome,6,4.767,95.3
pte,2,4.500,90.0
ltd,19,4.453,89.1
jfwtc,2,4.500,90.0
royce,20,4.600,92.0
rolls,22,4.600,92.0
ge,32,4.702,94.0
nec,4,4.500,90.0
flow,16,4.512,90.2
advisory,5,4.560,91.2
gamble,6,4.533,90.7
ibm,75,4.635,92.7
anz,4,4.650,93.0
corporation,8,4.544,90.9
tastes,16,4.497,89.9
pvt,6,4.533,90.7
sandeep,15,4.670,93.4
procter,6,4.533,90.7
n,111,4.549,91.0
exhibit,2,4.600,92.0
series,22,4.523,90.5
right,111,4.509,90.2
spanning,8,4.725,94.5
move,16,4.700,94.0
interests,117,4.557,91.1
sciences,57,4.609,92.2
her,36,4.615,92.3
naitik,2,4.600,92.0
suited,19,4.639,92.8
empire,4,4.750,95.0
stock,8,4.625,92.5
extract,3,4.333,86.7
excelling,4,4.200,84.0
analysis,41,4.565,91.3
environmental,48,4.442,88.8
vast,172,4.529,90.6
service,86,4.556,91.1
preferred,36,4.664,93.3
bhise,2,4.600,92.0
summed,2,4.600,92.0
web,48,4.592,91.8
ability,10,4.485,89.7
notably,2,4.600,92.0
luxury,15,4.493,89.9
facets,6,4.758,95.2
nb,10,4.730,94.6
goutam,4,4.900,98.0
fmcgs,14,4.604,92.1
recently,70,4.492,89.8
gt,6,4.733,94.7
via,65,4.616,92.3
roughly,14,4.421,88.4
daily,113,4.538,90.8
daikin,4,4.800,96.0
tanneru,2,4.900,98.0
american,68,4.697,93.9
extras,4,4.950,99.0
db,10,4.760,95.2
responsibilities,6,4.667,93.3
week,216,4.503,90.1
veg,25,4.538,90.8
jsw,26,4.669,93.4
location,72,4.622,92.4
million,10,4.645,92.9
mics,4,4.800,96.0
he,90,4.544,90.9
covering,15,4.717,94.3
collar,2,4.900,98.0
yourself,95,4.570,91.4
rk,28,4.768,95.4
relatively,81,4.490,89.8
quantity,18,4.589,91.8
furnished,105,4.622,92.4
cheaper,10,4.440,88.8
she,34,4.512,90.2
simply,36,4.594,91.9
sg,15,4.623,92.5
trader,4,4.850,97.0
inter,120,4.620,92.4
ghurye,2,4.900,98.0
visa,18,4.447,88.9
varying,12,4.550,91.0
usd,6,4.767,95.3
technological,42,4.590,91.8
sourabh,6,4.567,91.3
publications,12,4.675,93.5
exist,12,4.633,92.7
avenue,2,4.700,94.0
decade,8,4.150,83.0
male,10,4.795,95.9
female,20,4.597,91.9
fairly,18,4.722,94.4
vendors,2,4.700,94.0
organising,12,4.683,93.7
doctorate,24,4.596,91.9
falls,8,4.700,94.0
ashish,33,4.642,92.8
participation,42,4.649,93.0
jadhao,2,4.700,94.0
days,188,4.560,91.2
ragging,28,4.523,90.5
story,14,4.496,89.9
shashank,18,4.389,87.8
aspirant,22,4.609,92.2
mam,8,4.425,88.5
sir,19,4.363,87.3
mandatory,39,4.535,90.7
enter,36,4.450,89.0
aspirations,6,4.700,94.0
towers,2,4.800,96.0
innumerable,10,4.600,92.0
continue,18,4.514,90.3
debarred,2,4.700,94.0
proceed,2,4.700,94.0
followed,109,4.425,88.5
authorities,12,4.492,89.8
tournaments,17,4.682,93.6
harshit,12,4.621,92.4
councils,6,4.667,93.3
register,14,4.382,87.6
ha,2,4.700,94.0
instructor,24,4.442,88.8
repairing,4,4.550,91.0
finely,2,4.700,94.0
championships,6,4.633,92.7
disclose,8,4.475,89.5
feels,47,4.638,92.8
neglected,2,4.700,94.0
accounting,4,4.750,95.0
authority,11,4.382,87.6
capacities,6,4.267,85.3
volley,6,4.367,87.3
foods,43,4.450,89.0
suicide,10,4.000,80.0
hotel,19,4.589,91.8
h,114,4.572,91.4
mendeloz,2,4.300,86.0
probability,14,4.357,87.1
located,134,4.626,92.5
satisfies,2,4.300,86.0
misguided,2,4.300,86.0
search,39,4.598,92.0
transfer,4,3.700,74.0
caterers,6,4.767,95.3
flavor,4,3.838,76.8
exceptions,18,4.456,89.1
scholastic,2,4.300,86.0
gain,101,4.614,92.3
insecurity,2,4.300,86.0
sees,6,4.183,83.7
undergraduates,10,4.460,89.2
order,42,4.619,92.4
able,131,4.508,90.2
chaotic,4,4.300,86.0
succumb,2,4.300,86.0
account,4,4.550,91.0
isro,46,4.591,91.8
org,2,4.300,86.0
none,26,4.504,90.1
basket,20,4.415,88.3
converted,4,4.650,93.0
bridges,4,4.400,88.0
stanley,40,4.486,89.7
plans,16,4.659,93.2
constraint,4,4.588,91.8
starts,32,4.650,93.0
newer,20,4.375,87.5
pitch,8,4.425,88.5
charan,6,4.500,90.0
cement,6,4.433,88.7
mishaps,2,4.300,86.0
subscribed,6,4.300,86.0
precise,2,4.300,86.0
http,6,4.500,90.0
tables,32,4.562,91.2
kuncham,2,4.300,86.0
bomaby,6,4.692,93.8
bcg,109,4.445,88.9
yea,5,4.560,91.2
call,22,4.364,87.3
rum,2,4.300,86.0
opputunities,2,4.300,86.0
ball,19,4.505,90.1
waiting,8,4.494,89.9
aspires,2,4.300,86.0
powerpoint,10,4.620,92.4
mud,2,4.300,86.0
multinational,18,4.667,93.3
utilize,8,4.275,85.5
earlier,27,4.533,90.7
plugs,2,4.300,86.0
wooden,28,4.614,92.3
wrong,12,4.450,89.0
flora,24,4.808,96.2
balancing,2,4.300,86.0
worse,16,4.238,84.8
drop,14,4.343,86.9
detailed,19,4.534,90.7
iitian,24,4.398,88.0
wall,10,4.460,89.2
committed,12,4.242,84.8
uninformed,2,4.300,86.0
insightiitb,2,4.300,86.0
tack,2,4.300,86.0
venkat,2,4.300,86.0
plethora,36,4.490,89.8
registering,6,4.500,90.0
fauna,26,4.823,96.5
him,14,4.571,91.4
hand,38,4.526,90.5
fastest,13,4.550,91.0
appointment,8,4.500,90.0
prove,9,4.594,91.9
features,26,4.465,89.3
viewed,2,4.300,86.0
mobile,9,4.400,88.0
inr,188,4.430,88.6
january,23,4.487,89.7
medium,46,4.384,87.7
parents,27,4.326,86.5
referred,6,4.500,90.0
mentioned,49,4.569,91.4
monthly,29,4.372,87.4
peaceful,51,4.533,90.7
april,26,4.362,87.2
morgan,130,4.495,89.9
updated,114,4.534,90.7
necessarily,6,4.367,87.3
fighting,4,4.500,90.0
jp,96,4.518,90.4
scattered,4,4.550,91.0
sensitive,6,4.567,91.3
manner,68,4.549,91.0
lush,74,4.601,92.0
specialized,4,4.300,86.0
rates,32,4.452,89.0
arukonda,2,4.600,92.0
genius,6,4.600,92.0
implies,2,4.600,92.0
inspiring,6,4.067,81.3
native,5,4.750,95.0
goutham,2,4.600,92.0
operating,4,4.450,89.0
negligible,6,4.667,93.3
tenure,31,4.655,93.1
movie,24,4.492,89.8
ga,8,4.600,92.0
janesh,2,4.800,96.0
forms,18,4.450,89.0
bonds,2,4.800,96.0
ja,2,4.800,96.0
scheduled,12,4.550,91.0
intervals,16,4.425,88.5
fruitful,2,4.700,94.0
studied,61,4.448,89.0
journey,40,4.525,90.5
cm,2,4.700,94.0
task,10,4.720,94.4
charlie,2,4.700,94.0
boy,2,4.800,96.0
dx,2,4.800,96.0
malhotra,8,4.650,93.0
lakeside,2,4.800,96.0
girl,16,4.550,91.0
appeal,6,4.767,95.3
achieved,18,4.553,91.1
repeat,4,3.900,78.0
require,49,4.593,91.9
adds,12,4.696,93.9
abject,2,4.800,96.0
aesthetic,8,4.769,95.4
grade,75,4.445,88.9
versha,2,4.800,96.0
nayan,6,4.733,94.7
expand,6,4.533,90.7
boundaries,4,4.700,94.0
constantly,14,4.311,86.2
driven,30,4.568,91.4
groomed,2,4.600,92.0
lifestyle,12,4.550,91.0
liberally,2,4.600,92.0
undoubtedly,16,4.553,91.1
datta,2,4.600,92.0
pushing,2,4.600,92.0
density,2,4.600,92.0
buildi,4,4.750,95.0
avg,62,4.610,92.2
managed,103,4.502,90.0
filter,34,4.728,94.6
q,87,4.432,88.6
gate,62,4.487,89.7
mad,4,4.450,89.0
ayush,34,4.494,89.9
videos,30,4.678,93.6
ratings,11,4.758,95.2
properly,102,4.443,88.9
vijay,11,4.818,96.4
av,20,4.690,93.8
brains,14,4.614,92.3
gallery,16,4.509,90.2
certainly,28,4.621,92.4
concern,7,4.714,94.3
verified,13,4.776,95.5
sort,53,4.746,94.9
atmosphere,99,4.595,91.9
cut,18,4.619,92.4
joining,38,4.662,93.2
send,7,4.629,92.6
offs,12,4.728,94.6
rankings,29,4.512,90.2
ons,1,5.000,100.0
joshi,13,4.662,93.2
microelectronics,11,4.582,91.6
rating,37,4.706,94.1
plane,4,4.450,89.0
manik,2,4.500,90.0
scratch,4,4.700,94.0
quad,2,4.500,90.0
election,8,4.081,81.6
spent,24,4.400,88.0
manisha,2,4.500,90.0
robot,2,4.500,90.0
mm,6,4.667,93.3
wealth,4,4.050,81.0
learnt,15,4.587,91.7
tap,2,4.500,90.0
copter,2,4.500,90.0
political,6,4.300,86.0
rc,4,4.450,89.0
follower,2,4.500,90.0
loves,2,4.500,90.0
brilliant,70,4.614,92.3
restrictions,24,4.600,92.0
mujumdar,2,4.900,98.0
doors,6,4.558,91.2
tie,22,4.686,93.7
careers,25,4.480,89.6
mates,13,4.750,95.0
durgaprasad,2,4.900,98.0
nail,2,4.900,98.0
dm,2,4.900,98.0
ds,16,4.675,93.5
directly,25,4.776,95.5
independent,20,4.640,92.8
chandan,4,4.550,91.0
encourages,32,4.553,91.1
pc,9,4.422,88.4
addicts,2,4.000,80.0
bhargava,4,4.000,80.0
drug,8,4.300,86.0
result,25,4.570,91.4
br,4,4.438,88.8
point,101,4.528,90.6
accordance,6,4.300,86.0
lose,4,4.050,81.0
syllabus,92,4.475,89.5
lakes,15,4.560,91.2
affect,10,4.360,87.2
perfectly,41,4.541,90.8
decisions,9,4.467,89.3
front,28,4.339,86.8
skating,6,4.225,84.5
club,105,4.509,90.2
firstly,8,4.350,87.0
encourage,47,4.517,90.3
intermediate,12,4.450,89.0
positive,16,4.209,84.2
car,16,4.438,88.8
means,58,4.466,89.3
qualify,14,4.343,86.9
bl,2,3.600,72.0
questions,164,4.480,89.6
bharath,6,4.133,82.7
lokireddy,2,3.600,72.0
vehicles,13,4.708,94.2
pollution,12,4.600,92.0
doesn,81,4.398,88.0
beauty,35,4.686,93.7
bus,26,4.673,93.5
natural,24,4.700,94.0
supports,18,4.500,90.0
motorized,2,4.500,90.0
meagre,10,4.560,91.2
hills,10,4.540,90.8
rn,6,4.583,91.7
managerial,27,4.494,89.9
rahul,42,4.556,91.1
negi,2,4.000,80.0
forest,17,4.741,94.8
bio,9,3.894,77.9
serve,48,4.542,90.8
mathematics,160,4.499,90.0
tries,12,4.183,83.7
swati,4,3.900,78.0
geology,8,4.225,84.5
marvelous,6,4.133,82.7
metallurgy,18,4.378,87.6
sharp,6,4.267,85.3
nano,4,3.850,77.0
uncountable,2,3.100,62.0
saini,28,4.536,90.7
yours,9,4.389,87.8
devote,5,4.320,86.4
neeraj,2,4.100,82.0
ns,23,4.522,90.4
remember,32,4.556,91.1
vivas,4,4.350,87.0
blood,11,3.814,76.3
boil,2,4.100,82.0
assure,15,4.600,92.0
grill,2,4.100,82.0
smiling,2,4.100,82.0
coolest,2,4.100,82.0
ahead,11,4.545,90.9
khangar,2,4.700,94.0
hundreds,10,4.600,92.0
enjoyment,12,4.629,92.6
operation,12,4.608,92.2
mk,8,4.719,94.4
cooperative,49,4.447,88.9
ourselves,35,4.613,92.3
conduct,78,4.438,88.8
dreams,35,4.610,92.2
eateries,32,4.672,93.4
personally,57,4.517,90.3
manish,24,4.690,93.8
restaurants,33,4.636,92.7
spoil,4,4.350,87.0
magazines,6,4.692,93.8
choudhary,16,4.438,88.8
cv,21,4.581,91.6
brand,61,4.423,88.5
needless,8,4.550,91.0
platform,40,4.646,92.9
explain,60,4.596,91.9
anuj,10,4.800,96.0
evergreen,8,4.675,93.5
direction,20,4.690,93.8
graduated,42,4.576,91.5
fear,8,4.550,91.0
achievements,10,4.700,94.0
balak,2,5.000,100.0
das,16,4.703,94.1
junior,14,4.543,90.9
juniors,20,4.660,93.2
bd,2,5.000,100.0
diverse,78,4.542,90.8
ajay,10,4.820,96.4
exciting,31,4.616,92.3
joined,36,4.460,89.2
iitians,19,4.684,93.7
pick,14,4.600,92.0
raising,6,4.633,92.7
gajghate,2,4.900,98.0
gg,6,4.800,96.0
ranks,20,4.500,90.0
hair,2,4.900,98.0
gaurav,31,4.677,93.5
soubhagya,2,4.900,98.0
mohanty,2,4.900,98.0
mohd,5,4.640,92.8
leadership,31,4.482,89.6
feature,7,4.600,92.0
fm,2,4.900,98.0
faizan,2,4.900,98.0
led,9,4.511,90.2
flooded,2,5.000,100.0
indulged,6,4.667,93.3
trekking,6,4.667,93.3
consults,4,4.850,97.0
assume,8,4.325,86.5
traveling,4,5.000,100.0
akshat,6,4.867,97.3
hobby,18,4.544,90.9
boom,13,4.585,91.7
startup,50,4.640,92.8
heart,47,4.593,91.9
brochure,10,4.674,93.5
hostelers,3,4.600,92.0
attributes,2,4.500,90.0
rediscover,5,4.400,88.0
admissions,20,4.477,89.5
enthusiasts,13,4.623,92.5
satisfy,6,4.400,88.0
cultivate,2,4.500,90.0
loads,8,4.525,90.5
dampen,2,4.500,90.0
push,16,4.309,86.2
intellectually,2,4.500,90.0
everyday,13,4.581,91.6
tackle,6,4.733,94.7
tend,13,4.385,87.7
barely,16,4.331,86.6
ave,1,4.400,88.0
lalawat,1,4.400,88.0
aspect,63,4.567,91.3
version,10,4.770,95.4
hell,5,4.360,87.2
info,11,4.740,94.8
infrastructural,37,4.614,92.3
garg,38,4.564,91.3
curse,2,4.500,90.0
period,43,4.594,91.9
hidden,8,4.575,91.5
talents,19,4.661,93.2
accustomed,4,4.700,94.0
sanket,6,4.633,92.7
hassle,6,4.492,89.8
contact,33,4.477,89.5
tremendous,10,4.740,94.8
filming,1,4.400,88.0
sometime,13,4.585,91.7
photography,14,4.646,92.9
challenge,18,4.656,93.1
radhika,2,4.800,96.0
sharing,97,4.541,90.8
proximity,11,4.655,93.1
add,29,4.522,90.4
lustful,2,5.000,100.0
bragging,4,4.700,94.0
saicharan,2,5.000,100.0
owing,12,4.729,94.6
aside,4,4.700,94.0
globe,24,4.596,91.9
center,139,4.555,91.1
cgpa,132,4.458,89.2
urban,12,4.733,94.7
incubation,15,4.823,96.5
auditorium,54,4.532,90.6
zomato,37,4.535,90.7
trends,25,4.558,91.2
tesla,11,4.764,95.3
benches,15,4.400,88.0
understandable,15,4.787,95.7
abinash,4,4.200,84.0
offering,84,4.593,91.9
carreernet,2,5.000,100.0
approached,10,4.645,92.9
semesters,110,4.594,91.9
demands,22,4.598,92.0
projecting,6,4.800,96.0
physically,4,4.950,99.0
rankers,10,4.820,96.4
abhigyan,2,4.900,98.0
caring,11,4.582,91.6
cafeteria,37,4.468,89.4
doctor,22,4.530,90.6
nicely,27,4.496,89.9
matched,4,4.800,96.0
explained,24,4.481,89.6
sde,79,4.539,90.8
below,102,4.447,88.9
archit,4,4.550,91.0
forests,4,4.450,89.0
kumbhre,2,4.400,88.0
site,28,4.602,92.0
secured,65,4.542,90.8
undoubted,2,4.400,88.0
failure,2,4.400,88.0
product,99,4.548,91.0
today,34,4.622,92.4
heard,52,4.577,91.5
appealing,2,4.400,88.0
thirds,2,4.400,88.0
laundry,32,4.591,91.8
needing,2,4.400,88.0
artificial,18,4.456,89.1
aryan,30,4.693,93.9
intelligence,26,4.462,89.2
twice,19,4.579,91.6
airy,6,4.550,91.0
bathroom,23,4.565,91.3
badsara,2,4.700,94.0
attached,18,4.561,91.2
dwivedi,7,4.629,92.6
mixture,14,4.529,90.6
roam,17,4.388,87.8
suffer,4,3.800,76.0
exhibition,4,4.750,95.0
ensures,17,4.659,93.2
impressive,34,4.588,91.8
intelligent,61,4.547,90.9
mountains,4,4.412,88.2
crafts,2,4.700,94.0
rishabh,27,4.619,92.4
exploring,27,4.667,93.3
admission,136,4.537,90.7
models,8,4.650,93.0
officer,19,4.368,87.4
disrespectful,2,3.800,76.0
acceptable,14,4.471,89.4
dissatisfied,27,4.267,85.3
rude,29,4.407,88.1
executive,25,4.580,91.6
involvement,2,3.500,70.0
wipro,132,4.470,89.4
modified,18,4.175,83.5
tcs,113,4.439,88.8
stocked,35,4.489,89.8
capgemini,7,4.257,85.1
buy,23,4.652,93.0
anyone,64,4.646,92.9
tired,6,4.467,89.3
topic,54,4.419,88.4
emergency,47,4.613,92.3
poorer,2,4.600,92.0
ambulance,48,4.492,89.8
u,32,4.481,89.6
razal,2,4.600,92.0
assistance,28,4.604,92.1
max,21,4.571,91.4
transferred,6,4.567,91.3
praneeth,2,4.900,98.0
vibe,13,4.538,90.8
ece,17,4.544,90.9
sem,32,4.497,89.9
devangula,2,4.900,98.0
graduating,10,4.685,93.7
eee,14,4.589,91.8
gouri,2,4.900,98.0
sophomore,6,4.533,90.7
clearing,35,4.501,90.0
assistants,63,4.654,93.1
allotted,71,4.621,92.4
forever,12,4.537,90.7
endsems,3,4.800,96.0
somehow,14,4.636,92.7
midsems,2,5.000,100.0
long,64,4.488,89.8
reducing,6,4.500,90.0
siya,2,5.000,100.0
aware,24,4.469,89.4
sarda,2,5.000,100.0
deeply,8,4.625,92.5
connect,19,4.621,92.4
corridors,4,4.600,92.0
term,47,4.373,87.5
wildlife,14,4.571,91.4
passes,15,4.840,96.8
missiles,3,4.733,94.7
empty,2,4.600,92.0
balaji,2,4.600,92.0
spacecraft,3,4.733,94.7
airplane,4,4.500,90.0
childhood,23,4.539,90.8
aircraft,14,4.443,88.9
yet,116,4.480,89.6
filled,44,4.478,89.6
rockets,2,4.600,92.0
fighter,2,4.600,92.0
airplanes,2,4.600,92.0
trddc,2,4.600,92.0
swiggy,12,4.550,91.0
foe,2,4.300,86.0
playground,62,4.552,91.0
pluto,2,4.300,86.0
avvahan,2,4.300,86.0
stories,2,4.300,86.0
championship,16,4.588,91.8
ola,45,4.449,89.0
abhudaya,2,4.300,86.0
cooler,22,4.564,91.3
stationary,10,4.575,91.5
eg,2,4.300,86.0
montu,2,4.300,86.0
pegu,2,4.300,86.0
intel,113,4.596,91.9
everytime,2,4.700,94.0
sick,12,4.404,88.1
ifflah,2,4.700,94.0
constant,8,4.331,86.6
nor,17,4.659,93.2
pg,58,4.465,89.3
nowadays,12,4.758,95.2
infact,6,4.667,93.3
saleem,4,4.500,90.0
eventually,18,4.556,91.1
bhar,2,4.700,94.0
remains,30,4.490,89.8
answers,8,4.675,93.5
home,88,4.551,91.0
ik,2,4.700,94.0
happened,26,4.708,94.2
ug,64,4.477,89.5
homesick,4,3.850,77.0
staying,26,4.469,89.4
enriches,2,4.700,94.0
ocean,36,4.600,92.0
ne,10,4.620,92.4
tye,1,5.000,100.0
facilater,1,5.000,100.0
ruppee,2,4.700,94.0
relevent,11,4.636,92.7
neat,71,4.445,88.9
hygnic,1,5.000,100.0
toilets,32,4.462,89.2
wouble,1,5.000,100.0
naveen,10,4.620,92.4
yadav,53,4.545,90.9
conceptual,12,4.533,90.7
windows,14,4.643,92.9
kanishk,5,4.960,99.2
annually,11,4.618,92.4
sanguri,1,5.000,100.0
vinod,10,4.580,91.6
shekokar,6,4.467,89.3
medicle,2,3.800,76.0
block,33,4.506,90.1
looking,42,4.444,88.9
happy,68,4.675,93.5
query,2,3.400,68.0
whiteboards,4,3.950,79.0
weeks,19,4.600,92.0
soo,7,4.686,93.7
gup,2,4.300,86.0
highered,2,4.300,86.0
intelegent,2,4.300,86.0
disciplined,18,4.578,91.6
fair,14,4.686,93.7
atleast,16,4.525,90.5
tested,5,4.200,84.0
preference,28,4.657,93.1
quota,12,4.567,91.3
rejected,6,4.200,84.0
ui,6,4.600,92.0
safe,20,4.463,89.2
pwd,6,4.567,91.3
adarsh,10,4.560,91.2
took,75,4.509,90.2
blindly,4,4.700,94.0
islamia,2,5.000,100.0
talk,69,4.526,90.5
jamia,2,5.000,100.0
ve,34,4.574,91.5
idea,58,4.327,86.5
centralized,27,4.459,89.2
caste,6,4.733,94.7
gangout,2,5.000,100.0
coffee,26,4.692,93.8
behave,4,4.950,99.0
simple,52,4.665,93.3
clowing,2,5.000,100.0
journalism,2,5.000,100.0
bachelors,6,4.600,92.0
ram,10,4.560,91.2
aid,18,4.600,92.0
left,34,4.465,89.3
closses,2,5.000,100.0
nights,17,4.718,94.4
lal,4,5.000,100.0
ews,9,4.622,92.4
costly,13,4.769,95.4
millia,2,5.000,100.0
ojha,8,4.650,93.0
delhi,613,4.467,89.3
deffrece,2,5.000,100.0
told,39,4.572,91.4
kamal,8,4.475,89.5
au,4,4.400,88.0
mother,4,4.950,99.0
fx,2,5.000,100.0
ad,16,4.787,95.7
age,20,4.480,89.6
man,7,4.771,95.4
ff,2,5.000,100.0
self,68,4.561,91.2
successful,31,4.484,89.7
neel,2,5.000,100.0
failed,14,4.571,91.4
majorly,24,4.590,91.8
mastered,4,4.700,94.0
researcher,28,4.689,93.8
pros,23,4.498,90.0
prasanna,2,4.700,94.0
recent,44,4.473,89.5
nage,2,4.700,94.0
ganesh,4,4.850,97.0
reference,18,4.656,93.1
abhilash,2,4.700,94.0
bebetter,2,4.700,94.0
pack,7,4.857,97.1
okey,2,4.700,94.0
gave,42,4.556,91.1
glad,7,4.571,91.4
infratech,2,4.700,94.0
wife,2,4.700,94.0
intention,2,4.700,94.0
alot,12,4.750,95.0
de,23,4.530,90.6
backed,4,4.550,91.0
scientists,30,4.693,93.9
oled,2,4.700,94.0
frontend,8,4.500,90.0
screens,34,4.613,92.3
shaw,27,4.511,90.2
lit,18,4.464,89.3
justify,2,4.700,94.0
wireless,9,4.600,92.0
toughness,6,4.767,95.3
eduroam,2,4.700,94.0
relevance,14,4.600,92.0
min,13,4.538,90.8
apto,2,4.500,90.0
phones,9,4.556,91.1
himanshu,22,4.575,91.5
hoping,2,4.700,94.0
connected,66,4.655,93.1
stuents,2,4.700,94.0
rout,4,4.400,88.0
sailendu,2,4.700,94.0
manageable,29,4.497,89.9
fail,42,4.583,91.7
entertainment,26,4.631,92.6
finish,16,4.613,92.3
match,23,4.457,89.1
equally,24,4.567,91.3
backend,2,4.900,98.0
adding,8,4.325,86.5
imagination,6,4.667,93.3
massive,14,4.571,91.4
developer,134,4.671,93.4
motivated,12,4.683,93.7
kaif,4,4.550,91.0
expertise,25,4.532,90.6
vibrancy,2,4.900,98.0
thecivil,2,4.900,98.0
md,24,4.692,93.8
rounded,8,4.800,96.0
burman,2,5.000,100.0
items,94,4.560,91.2
premises,23,4.620,92.4
mayank,13,4.738,94.8
hitech,2,5.000,100.0
avarage,3,4.933,98.7
perticuler,2,5.000,100.0
je,2,5.000,100.0
message,6,4.367,87.3
upper,8,4.700,94.0
verma,48,4.621,92.4
circumstances,6,4.233,84.7
proof,16,4.513,90.3
honesty,2,3.800,76.0
shivam,24,4.412,88.2
fasanating,2,3.800,76.0
rated,22,4.489,89.8
experimental,14,4.671,93.4
discussion,10,4.645,92.9
execution,4,4.250,85.0
academically,29,4.407,88.1
enhanced,2,4.300,86.0
monologue,2,4.300,86.0
calm,10,4.600,92.0
recession,25,4.448,89.0
balanced,28,4.645,92.9
dive,5,4.600,92.0
suitable,40,4.579,91.6
finding,12,4.367,87.3
deal,34,4.618,92.4
sizes,10,4.780,95.6
date,89,4.554,91.1
fails,6,4.733,94.7
considerably,1,4.600,92.0
harkare,1,4.600,92.0
entry,19,4.624,92.5
locations,22,4.491,89.8
collections,12,4.383,87.7
azeotropy,2,4.800,96.0
laser,5,4.880,97.6
printers,5,4.560,91.2
incorporated,6,4.742,94.8
bond,6,4.400,88.0
symposium,4,4.900,98.0
orts,1,4.600,92.0
travel,24,4.658,93.2
buggy,2,4.800,96.0
vaishnav,2,4.800,96.0
restriction,15,4.600,92.0
aligns,4,4.900,98.0
cutters,1,4.600,92.0
perpere,2,4.700,94.0
accordingly,17,4.694,93.9
karamthotu,2,4.700,94.0
seat,32,4.442,88.8
recurring,2,4.700,94.0
noch,2,4.700,94.0
prudhvi,4,4.725,94.5
approx,6,4.867,97.3
amminities,2,4.700,94.0
benz,10,4.560,91.2
looks,30,4.622,92.4
replace,2,4.700,94.0
novels,4,4.500,90.0
avionics,2,4.500,90.0
occasions,10,4.485,89.7
demand,58,4.586,91.7
shaggy,2,4.500,90.0
similarly,13,4.323,86.5
spice,2,4.500,90.0
conditions,39,4.467,89.3
organisations,20,4.628,92.6
necessity,6,4.583,91.7
south,134,4.522,90.4
lunches,4,4.000,80.0
pongal,2,4.500,90.0
jet,4,4.150,83.0
waiver,4,4.550,91.0
mentor,22,4.536,90.7
faith,2,4.100,82.0
quadeye,34,4.424,88.5
suits,2,3.800,76.0
requirements,81,4.515,90.3
poor,68,4.310,86.2
carrom,22,4.389,87.8
infinity,2,4.200,84.0
normalizes,2,4.200,84.0
experts,73,4.562,91.2
sorts,45,4.538,90.8
practiced,2,4.200,84.0
glance,6,4.400,88.0
introductory,8,4.675,93.5
hdfc,14,4.343,86.9
grasp,19,4.463,89.3
memories,18,4.381,87.6
y,53,4.536,90.7
bajaj,55,4.531,90.6
approximate,6,4.733,94.7
honda,36,4.661,93.2
prepares,47,4.548,91.0
decide,18,4.633,92.7
following,20,4.533,90.7
attention,40,4.581,91.6
follows,31,4.310,86.2
cherish,10,4.440,88.8
namely,20,4.365,87.3
domain,75,4.608,92.2
floor,42,4.595,91.9
understood,16,4.288,85.8
professionally,6,4.467,89.3
immediately,10,4.595,91.9
perspectives,4,4.400,88.0
perfection,5,4.560,91.2
enjoyed,27,4.611,92.2
mix,45,4.556,91.1
solved,32,4.625,92.5
repaired,4,4.600,92.0
ate,4,4.550,91.0
excited,8,4.244,84.9
mannered,6,4.433,88.7
preparing,49,4.588,91.8
arrogant,4,4.500,90.0
lives,24,4.375,87.5
workshops,60,4.537,90.7
satisfying,22,4.398,88.0
entering,6,4.633,92.7
lets,12,4.529,90.6
living,84,4.409,88.2
enters,2,4.700,94.0
stood,56,4.484,89.7
satisfactory,71,4.514,90.3
benefit,14,4.700,94.0
anum,6,4.467,89.3
perfecf,2,5.000,100.0
arround,2,5.000,100.0
linkdin,2,5.000,100.0
nasa,4,4.900,98.0
semsester,2,5.000,100.0
recuruiting,2,5.000,100.0
infosis,2,4.800,96.0
budy,2,4.800,96.0
cctv,15,4.613,92.3
celebration,2,4.800,96.0
darshan,4,4.500,90.0
tree,4,4.650,93.0
spreaded,2,4.800,96.0
kangane,2,4.800,96.0
sunday,18,4.667,93.3
hcl,27,4.381,87.6
sankar,4,4.150,83.0
mug,6,4.367,87.3
mahindra,73,4.498,90.0
innovative,60,4.392,87.8
user,10,4.200,84.0
excellence,33,4.461,89.2
cities,13,4.415,88.3
chandaliya,2,4.400,88.0
director,20,4.660,93.2
virtual,8,4.544,90.9
gained,14,4.586,91.7
suraj,6,4.433,88.7
nokia,8,4.575,91.5
practicals,33,4.482,89.6
strictly,24,4.517,90.3
yenimeri,2,4.000,80.0
mahesh,10,4.600,92.0
ultimately,8,4.525,90.5
zuckerberg,2,4.200,84.0
gotten,8,4.600,92.0
currently,71,4.509,90.2
accommodations,4,4.550,91.0
popular,50,4.640,92.8
katrina,2,4.200,84.0
carry,12,4.162,83.2
recognized,4,4.600,92.0
widely,10,4.760,95.2
amit,14,4.729,94.6
celebrities,35,4.566,91.3
ranges,126,4.652,93.0
award,6,4.633,92.7
piyush,16,4.509,90.2
weakness,4,4.550,91.0
motivate,22,4.484,89.7
demotivated,4,4.550,91.0
completed,103,4.477,89.5
bajpai,2,4.800,96.0
deadlines,2,5.000,100.0
mridul,6,4.267,85.3
competing,8,4.575,91.5
restart,2,5.000,100.0
yourselves,2,5.000,100.0
mindblowing,4,4.900,98.0
mantri,2,5.000,100.0
relaxed,2,5.000,100.0
workers,18,4.544,90.9
tense,2,5.000,100.0
next,57,4.610,92.2
hardest,3,4.933,98.7
consisted,4,4.450,89.0
couldn,13,4.492,89.8
rajak,2,4.500,90.0
cook,3,4.267,85.3
trick,1,5.000,100.0
revisions,3,4.800,96.0
algorithms,8,4.775,95.5
ro,10,4.455,89.1
remembering,3,5.000,100.0
machine,99,4.578,91.6
mukul,3,4.467,89.3
knew,20,4.322,86.4
gey,1,5.000,100.0
rapidly,2,4.500,90.0
evolving,8,4.638,92.8
cholarships,1,5.000,100.0
epic,2,4.500,90.0
mavhines,2,4.500,90.0
nad,2,4.500,90.0
pays,4,4.450,89.0
thankfully,4,4.450,89.0
facultiea,2,4.500,90.0
gupta,100,4.492,89.8
mohneesh,2,4.500,90.0
detail,12,4.233,84.7
vishwakarma,4,4.550,91.0
lacked,2,4.200,84.0
minute,4,4.550,91.0
aadi,2,4.200,84.0
mains,4,4.450,89.0
vegetation,4,4.550,91.0
appreciable,16,4.291,85.8
ansh,4,4.600,92.0
linkedin,14,4.629,92.6
shakya,4,4.400,88.0
samir,4,4.900,98.0
producing,8,4.425,88.5
encouraged,36,4.361,87.2
depended,8,4.475,89.5
edge,37,4.542,90.8
greatly,12,4.617,92.3
ansari,10,4.620,92.4
cutting,23,4.583,91.7
percentile,10,4.525,90.5
pavilions,2,4.800,96.0
criterion,24,4.567,91.3
dr,60,4.565,91.3
improvements,12,4.633,92.7
thoroughly,18,4.569,91.4
jaswanth,2,4.800,96.0
category,25,4.574,91.5
critical,6,4.900,98.0
relaxation,6,4.600,92.0
placing,8,4.400,88.0
fall,14,4.543,90.9
chetan,8,4.525,90.5
extracurriculum,2,4.400,88.0
patle,2,4.400,88.0
fascinating,13,4.446,88.9
sharda,2,5.000,100.0
banglore,4,5.000,100.0
singers,17,4.582,91.6
invites,9,4.639,92.8
anurag,10,4.420,88.4
garden,22,4.527,90.5
invent,2,5.000,100.0
prakash,18,4.781,95.6
sections,20,4.572,91.5
eligible,82,4.404,88.1
catering,8,4.300,86.0
laboratory,50,4.563,91.3
tejaswi,2,4.400,88.0
theatres,14,4.589,91.8
malothu,2,4.400,88.0
uday,4,3.850,77.0
centers,26,4.475,89.5
premium,22,4.605,92.1
keloth,2,4.500,90.0
hardware,25,4.552,91.0
krishna,36,4.494,89.9
cake,2,4.700,94.0
predominant,2,4.700,94.0
tackled,2,4.700,94.0
gap,12,4.633,92.7
foremost,6,4.708,94.2
outer,8,4.425,88.5
unlimited,72,4.669,93.4
piece,4,4.600,92.0
maintains,16,4.475,89.5
topmost,19,4.692,93.8
gadhwal,2,4.700,94.0
exceeded,11,4.291,85.8
hongkong,2,4.800,96.0
engineeringing,2,4.800,96.0
decision,45,4.520,90.4
attractions,10,4.640,92.8
weekends,36,4.601,92.0
uber,91,4.593,91.9
broad,8,4.275,85.5
iiitb,4,4.450,89.0
accepted,14,4.671,93.4
social,62,4.499,90.0
appropriate,28,4.500,90.0
levels,37,4.568,91.4
whether,63,4.596,91.9
ruberik,2,4.800,96.0
choosing,48,4.618,92.4
participated,40,4.556,91.1
suburbs,6,4.567,91.3
rose,4,4.750,95.0
pointers,4,4.900,98.0
selecting,6,4.733,94.7
millennium,4,4.750,95.0
extensive,30,4.405,88.1
bustle,6,4.567,91.3
finer,6,4.567,91.3
netharlands,2,4.800,96.0
launch,2,4.800,96.0
programmes,18,4.464,89.3
insane,2,4.800,96.0
chakraborty,4,4.200,84.0
mental,16,4.650,93.0
mentors,20,4.725,94.5
joy,14,4.396,87.9
resident,6,4.567,91.3
oldest,41,4.527,90.5
chauhan,28,4.471,89.4
quiz,34,4.538,90.8
mann,4,4.900,98.0
stack,6,4.833,96.7
shyam,6,4.933,98.7
meta,12,4.650,93.0
temperatures,1,3.600,72.0
desktops,4,3.850,77.0
khan,7,4.371,87.4
mini,25,4.366,87.3
gs,26,4.723,94.5
salman,1,3.600,72.0
alphagrep,4,4.550,91.0
application,61,4.492,89.8
rubrik,10,4.380,87.6
ourse,1,3.600,72.0
yashvardhan,2,4.100,82.0
mentoring,14,4.214,84.3
tidy,13,4.492,89.8
precautions,5,4.200,84.0
credit,24,4.437,88.7
differences,4,4.400,88.0
instead,30,4.255,85.1
operates,17,4.421,88.4
restricted,21,4.471,89.4
contents,10,4.600,92.0
direct,14,4.618,92.4
implement,9,4.506,90.1
compensated,2,4.300,86.0
saksham,6,4.367,87.3
stark,2,4.300,86.0
raju,4,4.450,89.0
check,59,4.549,91.0
temperature,14,4.357,87.1
worthy,16,4.550,91.0
sharan,4,4.000,80.0
dahiya,2,4.500,90.0
trusted,4,4.550,91.0
lovable,2,4.500,90.0
expenses,6,4.567,91.3
specialisations,4,4.650,93.0
chirag,16,4.513,90.3
madhav,6,4.433,88.7
chopra,2,4.200,84.0
fahaf,2,4.000,80.0
pal,4,3.950,79.0
increasing,39,4.604,92.1
spaces,16,4.450,89.0
sourav,10,4.440,88.8
git,2,4.200,84.0
hub,22,4.516,90.3
chatterjee,2,4.200,84.0
biswajit,2,4.200,84.0
manohar,6,4.667,93.3
comprises,20,4.505,90.1
thesis,18,4.619,92.4
opjems,2,4.600,92.0
added,39,4.659,93.2
reports,45,4.487,89.7
yearly,14,4.586,91.7
birla,22,4.461,89.2
hi,26,4.637,92.7
bathrooms,36,4.462,89.2
sudhanshu,4,4.750,95.0
fresh,25,4.576,91.5
booming,12,4.783,95.7
robotic,4,4.700,94.0
shankha,2,5.000,100.0
tpo,2,5.000,100.0
difference,23,4.661,93.2
subhra,2,5.000,100.0
interact,71,4.602,92.0
together,31,4.600,92.0
cable,22,4.768,95.4
airline,6,4.667,93.3
hironmoy,2,5.000,100.0
zone,12,4.733,94.7
hotels,12,4.833,96.7
owns,2,4.900,98.0
rule,23,4.609,92.2
limit,52,4.474,89.5
step,22,4.445,88.9
serves,59,4.558,91.2
incomparable,2,4.900,98.0
applicable,4,4.850,97.0
netflix,8,4.700,94.0
frank,2,4.900,98.0
obvious,10,4.660,93.2
mandeep,2,4.900,98.0
father,8,4.400,88.0
axis,57,4.577,91.5
cognizant,18,4.494,89.9
atharv,2,5.000,100.0
lover,4,4.400,88.0
noorullah,2,4.500,90.0
soothing,2,4.500,90.0
laborious,2,4.500,90.0
greatest,14,4.471,89.4
behavior,10,4.595,91.9
routers,7,4.486,89.7
dell,13,4.527,90.5
control,35,4.566,91.3
contained,9,4.600,92.0
giri,3,4.000,80.0
portfolio,4,4.550,91.0
jubair,2,4.500,90.0
neither,11,4.605,92.1
locker,5,4.580,91.6
ride,6,4.600,92.0
wild,4,4.800,96.0
cent,21,4.638,92.8
train,8,4.844,96.9
demanding,26,4.521,90.4
staffs,14,4.600,92.0
jha,24,4.371,87.4
interships,2,4.500,90.0
splendour,2,4.500,90.0
peak,14,4.686,93.7
weren,6,4.233,84.7
joiners,2,4.500,90.0
wasn,8,4.675,93.5
sinha,6,4.358,87.2
dhruv,12,4.400,88.0
certified,12,4.617,92.3
joyful,6,4.633,92.7
supervisor,6,4.800,96.0
approving,2,4.500,90.0
upcoming,24,4.550,91.0
manhattan,5,4.620,92.4
associates,11,4.564,91.3
skillsets,4,4.550,91.0
decently,26,4.365,87.3
snapdeal,15,4.620,92.4
kundan,4,4.350,87.0
ankita,2,4.100,82.0
biswal,2,4.100,82.0
impressed,10,4.600,92.0
drives,14,4.436,88.7
centrally,30,4.575,91.5
preparations,6,4.600,92.0
prassan,2,4.200,84.0
media,65,4.441,88.8
costs,8,4.575,91.5
sondhiya,2,4.200,84.0
lcd,4,4.550,91.0
arrange,10,4.400,88.0
depend,59,4.580,91.6
smarter,4,4.500,90.0
hcc,4,4.300,86.0
coimbatore,2,4.400,88.0
external,12,4.533,90.7
spcl,2,4.400,88.0
stronger,5,4.760,95.2
asb,2,4.400,88.0
thrilling,2,4.400,88.0
internal,14,4.614,92.3
twenty,4,4.425,88.5
proctoring,4,4.500,90.0
attending,20,4.650,93.0
offline,71,4.423,88.5
goodcampus,2,4.600,92.0
hectic,107,4.500,90.0
viva,6,4.533,90.7
himanshi,2,4.600,92.0
pamphlets,2,4.600,92.0
akshay,16,4.638,92.8
administrative,17,4.718,94.4
exactly,16,4.350,87.0
pacakge,13,4.662,93.2
language,38,4.716,94.3
meena,71,4.614,92.3
pawan,8,4.850,97.0
mean,24,4.617,92.3
enjoying,14,4.600,92.0
continues,8,4.925,98.5
favorite,9,4.600,92.0
event,85,4.480,89.6
anyhow,2,5.000,100.0
adventures,2,5.000,100.0
consider,31,4.516,90.3
fault,2,5.000,100.0
values,8,4.831,96.6
prince,5,4.440,88.8
medicine,43,4.512,90.2
lengthy,8,4.625,92.5
nearest,19,4.611,92.2
quit,6,4.267,85.3
photos,66,4.573,91.5
rajput,6,4.800,96.0
morals,6,4.833,96.7
bored,40,4.703,94.1
rajeev,5,4.680,93.6
kabaddi,8,4.700,94.0
enhancing,6,4.667,93.3
dominating,4,4.400,88.0
nirf,100,4.453,89.1
attribute,2,4.200,84.0
creativity,11,4.545,90.9
categories,16,4.637,92.7
autonomy,6,4.608,92.2
designing,21,4.567,91.3
pandemic,20,4.410,88.2
foundation,29,4.557,91.1
approved,2,4.200,84.0
confidence,17,4.600,92.0
solid,15,4.623,92.5
kashyap,4,4.300,86.0
released,55,4.459,89.2
arav,2,4.200,84.0
senate,2,4.200,84.0
change,77,4.510,90.2
successfully,21,4.369,87.4
favourable,2,4.200,84.0
response,4,4.600,92.0
structuring,2,4.200,84.0
productive,10,4.560,91.2
evolve,8,4.550,91.0
purposes,47,4.545,90.9
sasi,2,4.200,84.0
criteria,67,4.372,87.4
rajnish,2,4.700,94.0
ahirwar,6,4.700,94.0
ritik,6,4.767,95.3
washroom,12,4.433,88.7
explanations,4,4.750,95.0
syed,4,4.850,97.0
amaan,4,4.650,93.0
campers,2,5.000,100.0
tommy,4,4.750,95.0
queries,98,4.467,89.3
hilfiger,4,4.750,95.0
rid,1,5.000,100.0
overview,8,4.662,93.2
vishal,20,4.647,92.9
trainers,7,4.629,92.6
passionate,39,4.481,89.6
satisfaction,10,4.360,87.2
harshan,1,5.000,100.0
vistara,3,4.600,92.0
complicated,3,4.867,97.3
nit,10,4.080,81.6
trichy,2,4.300,86.0
varanasi,4,4.200,84.0
tiruchirappalli,2,4.300,86.0
roorkee,2,4.300,86.0
hyderabad,14,4.600,92.0
warangal,2,4.300,86.0
bhu,2,4.300,86.0
exploration,12,4.529,90.6
ture,1,4.400,88.0
washing,82,4.561,91.2
principal,5,4.530,90.6
moving,14,4.557,91.1
intranet,5,4.120,82.4
sony,22,4.418,88.4
newly,72,4.429,88.6
contest,2,4.400,88.0
graduation,57,4.568,91.4
kanpur,305,4.607,92.1
painted,4,4.500,90.0
favours,4,4.650,93.0
brother,6,4.342,86.8
burger,4,4.550,91.0
hetachi,2,4.500,90.0
pizza,4,4.650,93.0
lg,13,4.408,88.2
pepsi,2,4.500,90.0
priority,16,4.362,87.2
comfort,12,4.667,93.3
ruling,4,4.550,91.0
indulging,2,4.800,96.0
advance,37,4.568,91.4
relax,16,4.812,96.2
enroll,14,4.686,93.7
cycles,8,4.775,95.5
potential,27,4.615,92.3
paytm,22,4.739,94.8
manipal,2,4.800,96.0
frame,2,4.800,96.0
inventory,4,4.600,92.0
allocate,4,4.650,93.0
goals,8,4.500,90.0
collaboration,8,4.712,94.2
launched,14,4.471,89.4
analyse,2,4.800,96.0
ta,24,4.675,93.5
results,16,4.631,92.6
sigma,4,4.800,96.0
asset,6,4.750,95.0
ambitious,2,4.800,96.0
tapmi,2,4.800,96.0
frequently,39,4.599,92.0
mu,6,4.667,93.3
lag,14,4.486,89.7
achievement,8,4.650,93.0
pai,2,4.800,96.0
beneficial,24,4.392,87.8
partnership,2,4.800,96.0
realistic,4,4.700,94.0
planning,27,4.576,91.5
bloomberg,4,4.800,96.0
cycle,8,4.756,95.1
rover,10,4.620,92.4
jaguar,55,4.676,93.5
lift,16,4.734,94.7
stop,8,4.625,92.5
north,184,4.599,92.0
filters,2,4.800,96.0
rushi,2,4.800,96.0
pan,8,4.525,90.5
impact,23,4.583,91.7
kale,6,4.783,95.7
stations,18,4.533,90.7
freely,16,4.525,90.5
acharya,6,4.600,92.0
morning,31,4.577,91.5
afternoon,4,4.250,85.0
hyundai,8,4.481,89.6
qualifications,45,4.563,91.3
delivered,12,4.629,92.6
enjoyable,30,4.473,89.5
tatamotors,2,4.100,82.0
tarakanta,2,4.100,82.0
section,23,4.548,91.0
discussing,8,4.775,95.5
chhaya,2,4.600,92.0
saying,19,4.103,82.1
singhamahapatra,2,4.600,92.0
temple,9,4.556,91.1
path,24,4.490,89.8
pilot,2,4.400,88.0
airlines,2,4.400,88.0
completion,24,4.606,92.1
success,31,4.597,91.9
ofcourse,2,4.400,88.0
dhruven,2,4.400,88.0
panchal,2,4.400,88.0
sushant,2,4.700,94.0
lighted,4,4.800,96.0
thousand,17,4.635,92.7
dinesh,6,4.700,94.0
communicate,12,4.583,91.7
rush,2,4.800,96.0
rathore,4,4.500,90.0
cloud,5,4.400,88.0
pentester,4,4.650,93.0
tyagi,4,4.800,96.0
cts,9,4.706,94.1
computing,114,4.484,89.7
haryana,2,4.900,98.0
output,12,4.767,95.3
punjab,4,4.763,95.2
grazing,2,4.900,98.0
denied,2,4.900,98.0
knows,21,4.724,94.5
humble,32,4.598,92.0
peace,4,4.638,92.8
wants,49,4.612,92.2
force,15,4.837,96.7
modi,4,4.650,93.0
whatever,53,4.537,90.7
workload,18,4.622,92.4
mishra,28,4.586,91.7
hp,24,4.331,86.6
servicing,4,4.550,91.0
loved,18,4.631,92.6
pronay,2,4.700,94.0
thoughtworks,2,4.700,94.0
halder,2,4.700,94.0
lnt,8,4.525,90.5
sujith,2,4.700,94.0
babu,2,4.700,94.0
standard,52,4.438,88.8
ncc,12,4.362,87.2
chittora,2,4.800,96.0
deliver,26,4.521,90.4
someone,46,4.413,88.3
installed,18,4.656,93.1
ins,8,4.800,96.0
walk,26,4.523,90.5
acurricular,1,4.600,92.0
karan,6,4.900,98.0
thermal,27,4.652,93.0
merit,45,4.524,90.5
crowded,28,4.621,92.4
fluids,8,4.875,97.5
cad,12,4.717,94.3
computational,40,4.520,90.4
fascinated,8,4.925,98.5
shaquib,4,4.950,99.0
etcherla,2,4.900,98.0
harshavardhan,2,4.900,98.0
nigam,7,4.743,94.9
stressful,12,4.417,88.3
playing,37,4.569,91.4
lt,4,4.250,85.0
described,5,4.680,93.6
spending,4,4.700,94.0
ambre,2,4.600,92.0
locked,2,4.600,92.0
provider,2,4.200,84.0
immensely,14,4.364,87.3
lounge,32,4.594,91.9
gazi,2,4.200,84.0
aftab,2,4.200,84.0
lovely,18,4.331,86.6
aeronautical,4,4.350,87.0
sethi,4,4.500,90.0
safron,2,4.200,84.0
raja,10,4.655,93.1
interior,4,4.600,92.0
aeronautics,4,4.450,89.0
chairs,42,4.562,91.2
raytheon,2,4.200,84.0
illness,2,4.900,98.0
performance,71,4.582,91.6
candidate,6,4.608,92.2
sachin,16,4.637,92.7
motorcycle,2,4.900,98.0
motors,72,4.587,91.7
makwana,2,4.900,98.0
wondered,2,4.900,98.0
pandey,17,4.629,92.6
matches,17,4.706,94.1
fund,10,4.420,88.4
unesco,2,4.900,98.0
litb,2,4.900,98.0
industrious,2,4.900,98.0
founded,6,4.733,94.7
sanjaya,2,4.900,98.0
lesson,2,4.900,98.0
established,46,4.660,93.2
khatua,2,4.900,98.0
bhel,12,4.517,90.3
np,2,4.600,92.0
energies,4,4.700,94.0
utilise,6,4.667,93.3
duration,24,4.602,92.0
factories,4,4.650,93.0
patidar,7,4.686,93.7
sources,49,4.332,86.6
offices,14,4.618,92.4
distribute,2,4.600,92.0
assignment,28,4.543,90.9
accommodated,6,4.333,86.7
presenting,2,4.700,94.0
remain,22,4.355,87.1
chodipalli,2,4.700,94.0
curious,10,4.460,89.2
hemanth,8,4.375,87.5
hc,18,4.600,92.0
makarand,2,4.600,92.0
moreover,45,4.628,92.6
mnc,30,4.442,88.8
file,3,4.733,94.7
sheet,3,4.733,94.7
reasons,31,4.716,94.3
prabhu,6,4.800,96.0
evaluated,5,4.480,89.6
checking,13,4.200,84.0
mp,7,4.714,94.3
describes,2,4.600,92.0
dillip,2,4.600,92.0
senapati,2,4.600,92.0
shown,14,4.486,89.7
gains,2,4.900,98.0
gm,8,4.775,95.5
ganiga,2,4.900,98.0
marvellously,2,4.900,98.0
select,40,4.640,92.8
bell,2,4.900,98.0
mj,6,4.225,84.5
texes,2,4.500,90.0
shopping,27,4.615,92.3
quarters,10,4.395,87.9
azhar,2,4.500,90.0
jamal,2,4.500,90.0
yahoo,23,4.600,92.0
bing,2,4.600,92.0
ideal,24,4.702,94.0
ravi,12,4.442,88.8
excellently,4,4.550,91.0
strongly,6,4.800,96.0
abu,2,4.300,86.0
vakar,2,4.300,86.0
situations,15,4.213,84.3
empowerment,2,4.300,86.0
legitimate,2,4.300,86.0
medicinal,6,4.400,88.0
designers,4,3.950,79.0
programmer,12,4.700,94.0
functions,16,4.450,89.0
wire,8,4.500,90.0
unlike,22,4.309,86.2
pencil,1,5.000,100.0
watching,3,4.667,93.3
unplaced,11,4.236,84.7
adjusted,6,4.367,87.3
fellow,10,4.675,93.5
astonished,2,4.600,92.0
asked,106,4.417,88.3
frisnel,2,4.600,92.0
believe,43,4.549,91.0
lively,5,4.840,96.8
complaints,22,4.395,87.9
fb,6,4.600,92.0
cupboards,13,4.600,92.0
emphasis,23,4.541,90.8
gre,1,5.000,100.0
handling,5,4.330,86.6
changed,39,4.595,91.9
recruitments,5,4.520,90.4
importantly,11,4.891,97.8
biprism,2,4.600,92.0
mesmerised,2,4.600,92.0
aerodynamics,31,4.652,93.0
rented,2,4.400,88.0
fewer,30,4.293,85.9
alloted,8,4.525,90.5
participants,6,4.617,92.3
comedy,6,4.400,88.0
rhat,2,4.400,88.0
wards,2,4.400,88.0
rents,4,4.550,91.0
moodi,4,4.500,90.0
observed,16,4.647,92.9
clarification,6,4.667,93.3
robo,2,4.400,88.0
nss,12,4.029,80.6
mails,6,4.600,92.0
honeywell,22,4.609,92.2
accomodate,6,4.200,84.0
asa,2,4.400,88.0
cons,14,4.404,88.1
deeper,4,4.450,89.0
sending,2,4.400,88.0
prople,2,4.400,88.0
flagship,8,4.725,94.5
pour,2,4.400,88.0
holder,19,4.539,90.8
performances,12,4.467,89.3
pgs,4,4.650,93.0
degrades,4,4.350,87.0
decreased,11,4.545,90.9
resource,9,4.578,91.6
bhuibar,4,4.650,93.0
acting,8,4.575,91.5
onwards,46,4.565,91.3
registration,22,4.375,87.5
deals,12,4.717,94.3
wider,6,4.700,94.0
lighting,12,4.583,91.7
conventional,10,4.605,92.1
idbi,2,4.800,96.0
jayant,2,4.800,96.0
insight,20,4.630,92.6
axela,2,4.800,96.0
socket,4,4.900,98.0
pimpalkar,2,4.800,96.0
website,54,4.469,89.4
renewable,7,4.714,94.3
greenest,10,4.560,91.2
london,6,4.792,95.8
diet,19,4.663,93.3
rupesh,2,4.800,96.0
situated,47,4.669,93.4
prof,28,4.650,93.0
gems,4,4.900,98.0
bioengineering,33,4.570,91.4
doc,8,4.450,89.0
logistics,6,4.642,92.8
biosciences,6,4.700,94.0
beginning,32,4.550,91.0
upskill,4,4.950,99.0
societies,44,4.464,89.3
member,51,4.575,91.5
exceptional,36,4.567,91.3
byju,15,4.627,92.5
gojek,2,4.900,98.0
chem,2,5.000,100.0
entirely,16,4.578,91.6
specifically,19,4.576,91.5
basics,46,4.682,93.6
paying,48,4.483,89.7
weekend,15,4.693,93.9
elec,2,5.000,100.0
fortnight,2,5.000,100.0
dependent,20,4.470,89.4
mech,6,4.900,98.0
star,23,4.461,89.2
kotak,18,4.494,89.9
drreddy,2,5.000,100.0
cum,16,4.575,91.5
infracture,2,5.000,100.0
midsem,10,4.500,90.0
healthify,2,5.000,100.0
applications,111,4.461,89.2
aprox,4,4.850,97.0
harder,18,4.544,90.9
sized,40,4.487,89.8
keen,26,4.642,92.8
updates,8,4.525,90.5
banker,2,4.200,84.0
mahek,2,4.200,84.0
economics,61,4.597,91.9
hinhoriya,2,4.200,84.0
audio,19,4.600,92.0
kong,4,4.750,95.0
robotics,60,4.617,92.3
netherlands,4,4.787,95.7
chemicals,22,4.661,93.2
format,4,4.850,97.0
vital,8,4.850,97.0
menezes,2,4.700,94.0
hindi,17,4.506,90.1
regarded,4,4.750,95.0
aids,18,4.756,95.1
significance,2,4.700,94.0
stem,2,4.700,94.0
bestowed,2,4.700,94.0
constructed,50,4.438,88.8
statement,2,4.700,94.0
promoting,6,4.858,97.2
desk,10,4.340,86.8
rolled,2,4.700,94.0
victor,2,4.700,94.0
technologically,2,4.700,94.0
links,2,4.700,94.0
convention,2,4.700,94.0
sanjeet,2,4.700,94.0
recorded,67,4.345,86.9
hong,4,4.750,95.0
visual,16,4.700,94.0
automation,50,4.372,87.4
gas,10,4.235,84.7
july,4,4.850,97.0
began,2,4.700,94.0
women,6,4.667,93.3
crack,24,4.452,89.0
tirth,2,5.000,100.0
teaches,65,4.646,92.9
enrich,6,4.867,97.3
cope,16,4.700,94.0
gada,2,5.000,100.0
sits,10,4.680,93.6
biotechnology,90,4.571,91.4
byjus,2,4.800,96.0
strand,2,4.800,96.0
nibmg,2,4.800,96.0
biocon,12,4.733,94.7
paf,4,4.850,97.0
cdri,2,4.800,96.0
nccs,2,4.800,96.0
prasoon,2,4.800,96.0
lhc,50,4.400,88.0
iisc,20,4.710,94.2
sysmex,4,4.700,94.0
remembers,2,4.600,92.0
thousands,23,4.543,90.9
ill,2,4.600,92.0
tower,20,4.750,95.0
karting,2,4.600,92.0
anyways,6,4.067,81.3
dirty,12,4.567,91.3
realised,5,4.480,89.6
parekh,2,4.600,92.0
midst,4,4.400,88.0
approximatly,2,4.600,92.0
aaryan,5,4.680,93.6
slight,8,4.650,93.0
presence,6,4.533,90.7
batra,2,4.700,94.0
desiring,2,4.700,94.0
hardik,6,4.633,92.7
monday,3,4.750,95.0
petroleum,24,4.442,88.8
president,4,4.800,96.0
dreamer,1,5.000,100.0
jadhav,1,5.000,100.0
tease,2,4.800,96.0
vikram,6,4.333,86.7
stayed,10,4.240,84.8
vice,6,4.467,89.3
revision,8,4.625,92.5
tea,14,4.614,92.3
es,5,4.600,92.0
farewell,4,4.900,98.0
attended,26,4.523,90.5
myriad,4,4.575,91.5
japanese,6,4.533,90.7
biomedical,22,4.527,90.5
cameras,10,4.540,90.8
sayantani,2,4.600,92.0
roy,21,4.610,92.2
primarily,24,4.606,92.1
patrolling,2,4.600,92.0
biophysics,2,4.400,88.0
aggarwal,8,4.700,94.0
forward,15,4.477,89.5
dbt,2,4.400,88.0
lobby,2,4.400,88.0
biochemistry,2,4.400,88.0
ritika,2,4.400,88.0
xrd,2,4.100,82.0
xrf,2,4.100,82.0
programming,110,4.591,91.8
epma,2,4.100,82.0
cairn,4,4.500,90.0
sambit,4,4.400,88.0
parida,2,4.100,82.0
sent,4,4.500,90.0
instrument,6,4.433,88.7
jaswani,2,4.200,84.0
knowing,11,4.627,92.5
ambience,10,4.505,90.1
rnd,2,4.200,84.0
aims,4,4.150,83.0
naman,2,4.200,84.0
minded,8,4.225,84.5
privilege,8,4.050,81.0
layout,2,4.200,84.0
verification,4,4.400,88.0
cctvs,2,4.200,84.0
throat,2,4.200,84.0
vlsi,20,4.580,91.6
shruti,4,4.487,89.8
iiit,5,4.320,86.4
valid,4,4.300,86.0
seemed,14,4.139,82.8
ra,4,4.350,87.0
sa,8,4.119,82.4
kishore,6,4.567,91.3
kn,4,4.550,91.0
nani,2,4.400,88.0
icecreams,2,4.400,88.0
liked,25,4.528,90.6
nilesh,2,4.900,98.0
propulsion,4,4.800,96.0
shall,4,4.850,97.0
kandregula,2,4.700,94.0
pk,64,4.482,89.6
enhances,11,4.586,91.7
pragathi,2,4.700,94.0
ceos,8,4.675,93.5
vpn,4,4.650,93.0
astrophysics,2,4.700,94.0
jam,10,4.460,89.2
usage,16,4.584,91.7
sd,12,4.733,94.7
sagatom,2,4.700,94.0
superintendent,4,4.650,93.0
initially,24,4.775,95.5
vaporized,4,4.650,93.0
mb,18,4.422,88.4
speech,4,4.650,93.0
geophysicist,2,4.900,98.0
srivastava,18,4.867,97.3
geophysics,4,4.700,94.0
seriously,39,4.576,91.5
intensive,10,4.620,92.4
gases,2,4.900,98.0
ibi,2,4.500,90.0
traffic,4,4.000,80.0
dar,6,4.600,92.0
dams,2,4.500,90.0
ancient,4,3.700,74.0
board,89,4.556,91.1
mwh,4,4.450,89.0
handasah,2,4.500,90.0
municipal,2,4.500,90.0
nearby,45,4.596,91.9
al,8,4.175,83.5
systra,2,4.500,90.0
berger,2,4.500,90.0
corporations,2,4.500,90.0
louis,2,4.500,90.0
cdeep,2,4.500,90.0
circumvents,2,4.500,90.0
receive,26,4.567,91.3
committee,37,4.493,89.9
kajal,2,4.500,90.0
kg,4,4.550,91.0
capital,25,4.678,93.6
submit,15,4.347,86.9
rewarding,5,4.400,88.0
involves,22,4.402,88.0
idc,4,4.650,93.0
possess,22,4.393,87.9
suisse,8,4.875,97.5
plays,16,4.647,92.9
lawn,67,4.433,88.7
athletics,44,4.464,89.3
fashion,7,4.571,91.4
snap,3,4.667,93.3
human,24,4.623,92.5
boathouse,2,4.900,98.0
paisa,2,4.900,98.0
animals,10,4.560,91.2
carrying,8,4.450,89.0
closed,12,4.675,93.5
gandhi,6,4.733,94.7
wasool,2,4.900,98.0
appointed,4,4.800,96.0
mehnat,4,4.950,99.0
localites,2,4.900,98.0
wow,2,4.900,98.0
excursions,2,4.900,98.0
avhaan,2,4.900,98.0
seeing,4,4.950,99.0
kaladarshan,2,4.900,98.0
park,28,4.659,93.2
basically,54,4.552,91.0
laptop,6,4.433,88.7
krishnan,4,4.700,94.0
emphasised,2,4.900,98.0
srm,4,4.950,99.0
nptl,2,4.900,98.0
ranged,10,4.570,91.4
abb,6,4.308,86.2
inviting,10,4.500,90.0
vegetarian,28,4.521,90.4
shenu,2,4.900,98.0
eaton,12,4.767,95.3
cys,2,4.900,98.0
whoever,4,4.850,97.0
mugging,6,4.533,90.7
video,31,4.592,91.8
behaved,2,4.700,94.0
commute,10,4.290,85.8
importance,52,4.607,92.1
resume,18,4.586,91.7
facilitated,24,4.404,88.1
pleasant,21,4.562,91.2
grub,2,4.700,94.0
link,8,4.725,94.5
theirs,4,4.650,93.0
skip,8,4.750,95.0
evident,8,4.794,95.9
log,2,4.700,94.0
audience,4,4.550,91.0
chalk,14,4.429,88.6
outgoing,2,4.700,94.0
vp,2,4.700,94.0
praise,6,3.967,79.3
feet,8,4.369,87.4
moral,2,4.700,94.0
padmajan,2,4.700,94.0
inverse,2,4.700,94.0
theater,12,4.783,95.7
identity,2,4.700,94.0
geotechnical,6,4.833,96.7
presented,25,4.448,89.0
techniques,24,4.502,90.0
searching,2,5.000,100.0
ideas,36,4.278,85.6
snehal,2,5.000,100.0
buses,16,4.344,86.9
ventilated,24,4.525,90.5
groups,45,4.627,92.5
intake,4,4.050,81.0
camps,5,4.760,95.2
trainer,1,5.000,100.0
thampi,2,3.600,72.0
abhijith,4,4.100,82.0
eyes,4,3.950,79.0
actively,25,4.418,88.4
unaware,2,3.600,72.0
phil,2,3.600,72.0
details,30,4.665,93.3
abandoned,2,3.600,72.0
bmc,2,3.600,72.0
weaknesses,4,4.237,84.7
iitbs,1,5.000,100.0
opening,14,4.239,84.8
eggs,6,4.200,84.0
maharashtra,4,4.250,85.0
shorter,2,3.600,72.0
rriculum,1,5.000,100.0
strengths,4,4.237,84.7
variation,3,4.333,86.7
correcting,2,3.600,72.0
tencor,4,4.100,82.0
opened,42,4.419,88.4
coordinators,4,4.150,83.0
kla,4,4.100,82.0
monitored,2,3.600,72.0
purnendu,2,3.600,72.0
mackenzie,2,3.600,72.0
assisted,4,4.200,84.0
corrosion,6,4.333,86.7
doctorates,6,4.492,89.8
demonstrate,2,3.600,72.0
utmost,8,4.275,85.5
scripts,4,3.800,76.0
evaluate,4,4.200,84.0
swar,2,5.000,100.0
trees,32,4.666,93.3
remote,6,4.567,91.3
khana,2,5.000,100.0
pj,2,5.000,100.0
brew,2,5.000,100.0
mode,26,4.498,90.0
palces,2,5.000,100.0
lesser,29,4.464,89.3
intergraph,2,5.000,100.0
zumba,4,4.750,95.0
gulmohar,6,4.825,96.5
hexagon,2,5.000,100.0
dense,4,4.935,98.7
sensing,2,5.000,100.0
agencies,4,4.850,97.0
sandhaya,2,5.000,100.0
ans,4,4.700,94.0
batchmets,4,4.800,96.0
nrsc,2,5.000,100.0
bite,2,5.000,100.0
increment,4,4.650,93.0
analytical,22,4.716,94.3
aerobics,2,5.000,100.0
shady,6,4.100,82.0
betterment,10,4.740,94.8
mission,2,4.700,94.0
truthfulness,2,4.700,94.0
dedication,9,4.511,90.2
parts,35,4.499,90.0
priyanka,2,4.700,94.0
transparent,4,4.350,87.0
uses,13,4.723,94.5
dedecuat,2,4.700,94.0
tokyo,2,4.700,94.0
guaranteed,22,4.502,90.0
boon,4,4.150,83.0
participating,37,4.447,88.9
overwhelming,5,4.080,81.6
sutirtha,2,4.700,94.0
acquire,8,4.725,94.5
progressed,2,4.700,94.0
entertaining,10,4.640,92.8
economical,10,4.680,93.6
sacs,4,4.600,92.0
numerical,6,4.633,92.7
automatic,16,4.512,90.2
vihar,4,4.638,92.8
goa,2,4.400,88.0
daad,4,4.600,92.0
gardens,10,4.680,93.6
airconditioned,6,4.600,92.0
flume,2,4.400,88.0
natl,2,4.400,88.0
chugh,2,4.400,88.0
technip,6,4.600,92.0
chennai,33,4.576,91.5
incois,2,4.400,88.0
jc,2,4.400,88.0
completing,38,4.526,90.5
marine,4,4.350,87.0
elsewhere,6,4.667,93.3
physical,22,4.464,89.3
jatin,10,4.560,91.2
nio,2,4.400,88.0
wave,2,4.400,88.0
offshore,2,4.400,88.0
fugro,2,4.400,88.0
coastal,4,4.250,85.0
mike,2,4.400,88.0
elementary,2,4.400,88.0
massachusetts,2,4.400,88.0
hifi,2,4.400,88.0
explosive,4,4.450,89.0
colombia,2,4.400,88.0
cc,8,4.625,92.5
france,4,4.300,86.0
distributed,29,4.497,89.9
harward,2,4.400,88.0
korean,2,4.400,88.0
diagonasis,2,4.400,88.0
chuspender,2,4.400,88.0
germany,12,4.525,90.5
profiled,4,4.250,85.0
paris,4,4.638,92.8
simulations,4,4.888,97.8
focusing,8,4.775,95.5
nostalgic,4,4.650,93.0
awareness,4,4.450,89.0
behind,34,4.575,91.5
track,39,4.545,90.9
sad,8,4.750,95.0
lucrative,10,4.730,94.6
death,2,4.900,98.0
witnessed,18,4.806,96.1
haven,24,4.502,90.0
global,22,4.559,91.2
edelweiss,4,4.850,97.0
rajesh,6,4.733,94.7
frm,2,4.800,96.0
asi,2,4.800,96.0
statistical,4,4.650,93.0
uhg,2,4.800,96.0
combined,14,4.486,89.7
olympiad,2,4.800,96.0
walmart,10,4.620,92.4
informatics,2,4.800,96.0
kpmg,19,4.542,90.8
prajapat,2,4.800,96.0
rp,4,4.550,91.0
ngo,8,4.444,88.9
down,37,4.530,90.6
arpit,10,4.560,91.2
hindalco,2,4.800,96.0
raise,7,4.600,92.0
sajan,2,4.900,98.0
fittest,2,4.900,98.0
settled,6,4.300,86.0
pressureised,2,4.900,98.0
sahoo,6,4.767,95.3
bound,10,4.760,95.2
quickly,18,4.500,90.0
horse,2,4.900,98.0
luck,15,4.683,93.7
patience,4,4.600,92.0
sarthak,6,4.600,92.0
memorise,4,4.700,94.0
academy,4,4.700,94.0
survival,2,4.900,98.0
emphasize,6,4.633,92.7
unemployed,6,4.200,84.0
fantasising,2,4.900,98.0
reckless,2,4.900,98.0
crisp,2,4.600,92.0
stunning,2,4.600,92.0
viewing,2,4.600,92.0
summers,38,4.545,90.9
boot,2,4.600,92.0
delightful,6,4.667,93.3
enriched,2,4.600,92.0
deteriorates,2,4.600,92.0
progresses,4,4.400,88.0
cause,10,4.300,86.0
sandipan,2,4.600,92.0
responsible,25,4.536,90.7
freshness,4,4.800,96.0
biometrics,2,4.600,92.0
winters,4,4.600,92.0
relishing,2,4.600,92.0
interviewees,2,4.600,92.0
infra,16,4.491,89.8
dreamt,4,4.550,91.0
shoot,2,4.600,92.0
inputs,4,4.550,91.0
exquisite,2,4.600,92.0
terrific,2,4.600,92.0
messy,4,4.600,92.0
giant,8,4.625,92.5
lovers,6,4.675,93.5
reasonable,28,4.698,94.0
agile,2,4.700,94.0
tpos,2,4.700,94.0
aanchal,2,4.700,94.0
priorities,2,4.700,94.0
against,9,4.800,96.0
virinder,2,4.700,94.0
aspiring,9,4.667,93.3
hg,4,4.500,90.0
contacts,18,4.589,91.8
finest,43,4.481,89.6
harshad,6,4.167,83.3
stanly,2,4.600,92.0
thomas,2,4.600,92.0
steps,6,4.633,92.7
kb,14,4.696,93.9
bhushan,2,5.000,100.0
telling,4,4.835,96.7
fooz,2,4.800,96.0
chess,36,4.593,91.9
carom,4,4.750,95.0
singhla,2,4.800,96.0
fullest,8,4.725,94.5
neighboring,2,5.000,100.0
eagerly,10,4.700,94.0
singariya,2,5.000,100.0
families,14,4.729,94.6
anticipated,2,5.000,100.0
continent,4,4.750,95.0
bands,4,4.700,94.0
lived,4,4.300,86.0
handouts,1,5.000,100.0
concert,2,5.000,100.0
formal,7,4.600,92.0
khanna,3,4.750,95.0
ranking,42,4.689,93.8
gods,2,5.000,100.0
acre,30,4.618,92.4
describe,12,4.750,95.0
praveen,14,4.750,95.0
govt,1,5.000,100.0
surprise,15,4.627,92.5
stands,33,4.594,91.9
receives,4,4.800,96.0
attracts,21,4.531,90.6
apartment,4,4.450,89.0
allows,35,4.469,89.4
assured,10,4.540,90.8
contributes,4,4.400,88.0
pride,5,4.520,90.4
teja,8,4.737,94.8
survey,7,4.200,84.0
diversified,6,4.542,90.8
muni,2,4.500,90.0
society,52,4.532,90.6
letting,5,4.400,88.0
badjate,2,4.500,90.0
sb,12,4.646,92.9
careful,4,4.550,91.0
bhange,2,4.600,92.0
cooker,2,4.600,92.0
rb,17,4.585,91.7
suicides,6,4.667,93.3
nominal,7,4.493,89.9
rohit,30,4.700,94.0
sine,11,4.814,96.3
shows,17,4.565,91.3
floating,2,4.600,92.0
developing,18,4.747,94.9
incubator,4,4.450,89.0
conductive,2,4.600,92.0
kulkarni,2,4.600,92.0
hrishikesh,4,4.737,94.8
modeling,2,4.600,92.0
hk,2,4.600,92.0
felt,24,4.490,89.8
ankush,6,4.633,92.7
dawand,2,5.000,100.0
artistic,2,5.000,100.0
exception,11,4.800,96.0
deserve,8,4.669,93.4
vj,6,4.800,96.0
abilities,15,4.403,88.1
sights,2,4.900,98.0
secondly,5,4.720,94.4
pramod,4,4.550,91.0
geoinformatics,2,4.600,92.0
crosses,6,4.600,92.0
sarita,2,4.600,92.0
showed,6,4.567,91.3
setup,6,4.733,94.7
prospects,12,4.433,88.7
collaborative,10,4.700,94.0
breaks,10,4.460,89.2
gaming,14,4.586,91.7
challenged,2,4.600,92.0
rigs,2,4.600,92.0
vr,4,4.650,93.0
parties,10,4.540,90.8
pavan,7,4.543,90.9
unity,6,4.567,91.3
pcs,4,4.362,87.2
scenes,4,4.450,89.0
hardworking,9,4.689,93.8
optimization,2,4.400,88.0
dl,2,4.400,88.0
consistent,19,4.561,91.2
decreasing,4,4.450,89.0
orthodox,4,4.550,91.0
robowars,2,4.400,88.0
gulf,2,4.400,88.0
instructors,21,4.286,85.7
sambhav,2,4.400,88.0
intense,6,4.633,92.7
arslan,2,4.900,98.0
mohammad,10,4.630,92.6
kiya,2,5.000,100.0
vivek,21,4.619,92.4
dhi,2,5.000,100.0
dekh,2,5.000,100.0
ek,4,5.000,100.0
bar,6,4.433,88.7
ssjsi,2,5.000,100.0
euee,2,5.000,100.0
ho,10,4.740,94.8
wieiwbw,2,5.000,100.0
hddisjw,2,5.000,100.0
anime,4,4.900,98.0
tentdkd,2,5.000,100.0
te,2,5.000,100.0
hai,6,4.833,96.7
bddissb,2,5.000,100.0
xxxx,2,5.000,100.0
login,6,4.867,97.3
kya,2,5.000,100.0
weegs,2,5.000,100.0
seggs,2,5.000,100.0
dudhsbsb,2,5.000,100.0
hentei,2,5.000,100.0
chapri,2,5.000,100.0
unbeatable,2,5.000,100.0
unbelievable,10,4.620,92.4
sanika,2,5.000,100.0
bane,9,4.511,90.2
logic,8,4.825,96.5
benefits,16,4.634,92.7
tieup,2,5.000,100.0
sharper,2,4.900,98.0
headteacher,2,4.900,98.0
cares,7,4.629,92.6
kadam,2,4.900,98.0
mikes,2,4.900,98.0
fiba,2,4.900,98.0
ought,4,4.800,96.0
chances,47,4.585,91.7
matured,2,4.900,98.0
whay,2,4.900,98.0
awfully,2,4.900,98.0
alla,2,4.900,98.0
iam,2,4.900,98.0
atit,2,4.900,98.0
lak,2,4.900,98.0
titles,10,4.465,89.3
exchange,17,4.638,92.8
geoinfirmatics,2,4.900,98.0
mysql,9,4.400,88.0
padma,9,4.622,92.4
lechure,1,5.000,100.0
kowshika,1,5.000,100.0
shree,7,4.286,85.7
save,10,4.734,94.7
estd,6,4.723,94.5
resumes,2,4.700,94.0
ordered,2,4.700,94.0
ramesh,6,4.767,95.3
php,13,4.415,88.3
homely,3,4.800,96.0
vaisay,2,4.700,94.0
workplace,2,4.700,94.0
shubhanshu,2,4.700,94.0
weekly,47,4.459,89.2
status,10,4.680,93.6
ravindra,2,4.700,94.0
assessment,10,4.740,94.8
soft,20,4.575,91.5
numpy,2,5.000,100.0
divyesh,2,5.000,100.0
knowledgeble,2,5.000,100.0
mangroliya,2,5.000,100.0
withbpractical,2,5.000,100.0
qulaity,2,5.000,100.0
challanging,2,5.000,100.0
pandas,2,5.000,100.0
python,47,4.681,93.6
kharwar,2,4.500,90.0
certification,4,4.750,95.0
intercation,2,4.500,90.0
hot,31,4.516,90.3
mehrotra,2,4.000,80.0
fresher,20,4.470,89.4
certificate,29,4.460,89.2
anant,4,4.150,83.0
sql,2,4.000,80.0
resourses,2,4.000,80.0
assesent,2,4.000,80.0
code,14,4.529,90.6
dalai,2,4.000,80.0
comprehensive,23,4.583,91.7
havent,2,4.000,80.0
raksha,2,4.700,94.0
tac,2,4.700,94.0
toe,2,4.700,94.0
tic,2,4.700,94.0
mercedes,30,4.647,92.9
cupboard,28,4.511,90.2
providers,2,5.000,100.0
limitations,10,4.365,87.3
enchanting,5,4.640,92.8
ed,28,4.364,87.3
tranining,2,4.500,90.0
babali,2,4.500,90.0
sorry,4,4.600,92.0
sum,4,4.200,84.0
hiwarkar,2,4.500,90.0
subhash,6,4.700,94.0
nurtured,3,4.400,88.0
kanav,2,5.000,100.0
starting,34,4.488,89.8
micron,4,4.700,94.0
tentative,2,4.400,88.0
integrity,2,4.400,88.0
written,23,4.428,88.6
screening,6,4.400,88.0
maintaining,10,4.260,85.2
amara,2,4.400,88.0
murata,6,4.567,91.3
possessed,4,4.500,90.0
batteries,2,4.400,88.0
influence,2,4.400,88.0
semiconductors,4,4.350,87.0
z,4,4.400,88.0
hierarchy,2,4.400,88.0
hitachi,2,4.400,88.0
zenownl,2,4.400,88.0
lessons,20,4.510,90.2
sunil,4,4.550,91.0
sunnny,2,4.600,92.0
pooja,6,4.033,80.7
waraikar,2,4.300,86.0
nivetha,2,4.000,80.0
organizations,12,4.579,91.6
effectively,9,4.711,94.2
nutritional,2,4.500,90.0
barc,12,4.600,92.0
faces,4,4.750,95.0
durinng,5,4.300,86.0
atfs,76,4.385,87.7
particulars,41,4.454,89.1
minimal,19,4.416,88.3
shikshagpt,66,4.409,88.2
commonly,81,4.384,87.7
kanjurmar,2,4.900,98.0
handball,2,4.900,98.0
disturbance,3,4.933,98.7
pm,76,4.558,91.2
oxford,12,4.633,92.7
cience,1,5.000,100.0
amlan,2,4.900,98.0
worldclass,2,4.900,98.0
coursework,26,4.735,94.7
bangalore,10,4.600,92.0
yp,4,4.800,96.0
discussed,7,4.279,85.6
prom,2,4.900,98.0
viz,4,4.513,90.3
gates,14,4.500,90.0
autumn,2,4.900,98.0
sasthra,2,4.100,82.0
madras,273,4.558,91.2
trust,14,4.204,84.1
concentrate,7,4.114,82.3
shaik,4,4.350,87.0
saadang,2,4.100,82.0
jainuddin,2,4.100,82.0
exceptionally,29,4.612,92.2
tale,2,4.250,85.0
graded,23,4.604,92.1
letter,4,4.225,84.5
demolished,4,4.025,80.5
emba,5,4.350,87.0
philosophy,10,4.440,88.8
oily,4,4.287,85.8
pain,4,4.388,87.8
spices,2,4.375,87.5
almirah,4,4.575,91.5
gep,14,4.675,93.5
bristlecone,5,4.590,91.8
provision,10,4.390,87.8
shortage,18,4.561,91.2
base,28,4.621,92.4
calendar,6,4.483,89.7
twin,6,4.200,84.0
store,14,4.607,92.1
gowde,2,4.750,95.0
clothes,4,4.725,94.5
gymnasium,26,4.469,89.4
wherein,8,4.662,93.2
anil,10,4.630,92.6
tresvista,2,4.750,95.0
journal,10,4.610,92.2
specialising,2,4.750,95.0
bringing,16,4.403,88.1
subscription,6,4.833,96.7
zs,8,4.588,91.8
synergy,14,4.389,87.8
famed,2,4.750,95.0
protein,4,4.800,96.0
globally,8,4.925,98.5
nutritionists,2,5.000,100.0
sunny,4,4.850,97.0
sons,2,5.000,100.0
glory,2,5.000,100.0
sidharth,2,5.000,100.0
subjective,16,4.625,92.5
continuing,10,4.610,92.2
shankar,10,4.490,89.8
eshann,2,4.750,95.0
myntra,11,4.486,89.7
akhilesh,12,4.742,94.8
compete,19,4.479,89.6
loy,4,4.775,95.5
batchmates,20,4.465,89.3
kaushik,4,4.713,94.3
milestone,2,4.625,92.5
leverage,4,4.062,81.2
avenues,13,4.796,95.9
crossed,4,4.562,91.2
footfall,13,4.835,96.7
emphasise,2,4.625,92.5
enjoys,18,4.622,92.4
witnesses,6,4.725,94.5
speaker,3,4.650,93.0
efficiently,13,4.781,95.6
takeaway,2,4.875,97.5
adviser,6,4.892,97.8
array,8,4.388,87.8
supervision,11,4.523,90.5
enlightening,2,4.875,97.5
necessities,20,4.590,91.8
shares,4,4.800,96.0
saha,9,4.800,96.0
souradeep,2,5.000,100.0
unit,16,4.709,94.2
enriching,23,4.715,94.3
som,21,4.557,91.1
kodi,2,4.875,97.5
meritorious,12,4.212,84.2
finals,10,4.650,93.0
nestle,13,4.492,89.8
projection,4,4.938,98.8
mondelez,13,4.727,94.5
enables,10,4.635,92.7
females,2,4.875,97.5
umbrella,2,4.875,97.5
coupled,8,4.769,95.4
clock,31,4.624,92.5
hareesh,2,4.875,97.5
venkata,9,4.439,88.8
beside,10,4.555,91.1
vk,15,4.733,94.7
outline,2,4.875,97.5
grip,9,4.622,92.4
monetary,2,4.875,97.5
pedagogy,20,4.742,94.8
religiously,2,4.875,97.5
acoustics,6,4.825,96.5
defined,30,4.545,90.9
johnson,8,4.713,94.3
port,26,4.662,93.2
vinayak,2,4.500,90.0
scm,2,4.500,90.0
arenas,4,4.600,92.0
advantage,39,4.596,91.9
securing,9,4.517,90.3
laurels,4,4.688,93.8
chandrakant,4,4.688,93.8
polmon,2,4.625,92.5
sarath,6,4.658,93.2
adp,2,4.625,92.5
pallapothu,2,4.625,92.5
caterpillar,27,4.509,90.2
ggk,2,4.625,92.5
cummins,8,4.812,96.2
sap,10,4.255,85.1
fmcd,2,5.000,100.0
ites,2,5.000,100.0
occurs,10,4.400,88.0
community,31,4.495,89.9
bfsi,9,4.594,91.9
obtained,14,4.557,91.1
dg,4,4.188,83.8
diksha,8,4.750,95.0
girish,2,5.000,100.0
ivp,4,5.000,100.0
continuums,6,4.783,95.7
sanjiv,2,4.875,97.5
funding,16,4.484,89.7
ranjan,23,4.615,92.3
budding,6,4.875,97.5
performed,14,4.568,91.4
entrepreneurs,13,4.604,92.1
deadline,8,4.819,96.4
pharma,13,4.688,93.8
nurture,8,4.731,94.6
pillars,2,4.875,97.5
changing,33,4.489,89.8
covered,49,4.636,92.7
chaudhuri,2,4.875,97.5
officially,7,4.793,95.9
sight,4,4.838,96.8
factor,13,4.504,90.1
policy,36,4.526,90.5
corners,7,4.650,93.0
welcome,14,4.357,87.1
metro,79,4.575,91.5
continuous,18,4.619,92.4
soon,36,4.440,88.8
disclosed,29,4.550,91.0
practicum,2,4.875,97.5
auditing,2,4.875,97.5
janakiram,2,5.000,100.0
astounding,2,5.000,100.0
mandyam,4,4.650,93.0
jm,4,4.800,96.0
gue,1,5.000,100.0
encompassing,4,4.525,90.5
ing,1,3.750,75.0
purely,15,4.450,89.0
soni,10,4.510,90.2
pertaining,4,4.425,88.5
remained,5,3.790,75.8
accounts,5,4.330,86.6
exemplary,4,4.425,88.5
enthusiasm,30,4.490,89.8
touching,4,4.312,86.2
nishant,16,4.644,92.9
nets,10,4.605,92.1
pharmaceutical,10,4.365,87.3
vd,6,4.683,93.7
vishnu,10,4.610,92.2
commerce,4,4.438,88.8
justice,2,4.550,91.0
thanks,14,4.314,86.3
stationery,2,4.550,91.0
winning,5,4.460,89.2
featuring,2,4.550,91.0
textbooks,13,4.377,87.5
timings,22,4.568,91.4
articles,2,4.550,91.0
methodology,26,4.529,90.6
ecosystem,2,4.550,91.0
stores,12,4.454,89.1
geographical,4,4.725,94.5
addition,66,4.434,88.7
sun,6,4.733,94.7
amul,17,4.400,88.0
brews,2,4.600,92.0
cochlear,4,4.612,92.2
dikshas,4,4.675,93.5
aneri,2,4.600,92.0
bites,2,4.600,92.0
practices,16,4.525,90.5
simulation,4,4.737,94.8
mechanism,8,4.469,89.4
worlds,4,4.737,94.8
midterm,5,4.730,94.6
kaushendra,2,4.625,92.5
prime,8,4.456,89.1
parihar,4,4.662,93.2
jvlr,2,4.625,92.5
kp,12,4.842,96.8
dynamic,11,4.695,93.9
dissemination,2,4.750,95.0
unparalleled,15,4.567,91.3
bright,18,4.683,93.7
rolling,4,4.750,95.0
extend,10,4.710,94.2
fulfils,2,4.750,95.0
nandita,2,4.750,95.0
fitted,8,4.538,90.8
sugandhi,2,4.750,95.0
sufficiently,4,4.575,91.5
element,3,4.433,88.7
internationally,10,4.750,95.0
accredited,2,4.750,95.0
stakeholders,2,4.750,95.0
hopeful,2,4.750,95.0
display,4,4.375,87.5
nestl,4,4.275,85.5
sashti,2,4.750,95.0
manokaran,2,4.750,95.0
screen,8,4.537,90.8
introduced,24,4.460,89.2
sooner,2,4.750,95.0
epitome,4,4.525,90.5
niche,4,4.775,95.5
borrow,16,4.481,89.6
volumes,8,4.725,94.5
closely,4,4.750,95.0
prior,12,4.842,96.8
diversity,24,4.600,92.0
blend,10,4.800,96.0
presently,7,4.636,92.7
smoothly,7,4.543,90.9
timeline,6,4.233,84.7
instruction,12,4.621,92.4
fiction,2,5.000,100.0
progress,12,4.425,88.5
incumbent,2,5.000,100.0
dutta,2,5.000,100.0
executed,4,4.400,88.0
repertoire,2,5.000,100.0
genres,6,4.800,96.0
promotes,13,4.323,86.5
brings,9,4.739,94.8
ratios,4,4.812,96.2
agenda,2,5.000,100.0
innovators,2,5.000,100.0
anandarup,2,5.000,100.0
interacts,4,4.850,97.0
adhered,2,5.000,100.0
consultation,10,4.380,87.6
trademark,2,4.750,95.0
pidilite,6,4.625,92.5
continuum,6,4.792,95.8
whatsoever,4,4.675,93.5
umpteen,4,4.750,95.0
impeccable,6,4.583,91.7
sjmsm,2,4.750,95.0
stalwarts,11,4.641,92.8
akanksha,4,4.750,95.0
promised,2,4.625,92.5
bonding,6,4.742,94.8
expectation,14,4.389,87.8
cumbersome,2,4.625,92.5
lines,6,4.742,94.8
procedure,10,4.625,92.5
turned,2,4.625,92.5
permission,6,4.475,89.5
interfere,2,4.625,92.5
richa,2,4.625,92.5
butala,2,4.625,92.5
compromise,9,4.694,93.9
evening,18,4.536,90.7
false,2,4.625,92.5
ritvik,2,4.625,92.5
buster,2,4.625,92.5
canopy,2,4.625,92.5
rg,10,4.445,88.9
image,10,4.505,90.1
cipla,10,4.685,93.7
variable,7,4.714,94.3
nomura,14,4.532,90.6
exaggerate,2,4.625,92.5
perceptions,2,4.625,92.5
surprises,2,4.625,92.5
lopsided,2,4.625,92.5
anxiety,2,4.750,95.0
closer,6,4.583,91.7
pinnacle,2,4.750,95.0
align,8,4.513,90.3
upadhyay,4,4.775,95.5
requirement,20,4.508,90.2
keeps,32,4.422,88.4
intricacies,4,4.312,86.2
alignment,4,4.775,95.5
walks,2,4.750,95.0
treks,2,4.750,95.0
invited,12,4.392,87.8
entrepreneurial,16,4.628,92.6
hunger,2,4.750,95.0
equivalent,12,4.325,86.5
isn,32,4.569,91.4
imparted,6,4.617,92.3
satiate,2,4.750,95.0
ru,2,4.750,95.0
rajkamal,2,4.750,95.0
competitor,2,4.750,95.0
advantages,9,4.733,94.7
referring,2,4.875,97.5
conversation,2,4.875,97.5
scientific,31,4.585,91.7
ruchika,2,4.875,97.5
trending,2,4.875,97.5
showcase,19,4.666,93.3
innovations,3,4.850,97.0
surrounds,2,4.875,97.5
serene,2,4.875,97.5
richness,2,4.875,97.5
returns,4,4.787,95.7
composition,6,4.958,99.2
magnetic,2,4.875,97.5
monologued,2,4.875,97.5
splendid,11,4.877,97.5
involving,11,4.650,93.0
readings,2,4.875,97.5
extensively,4,4.638,92.8
centres,27,4.494,89.9
abhay,10,4.435,88.7
kukade,2,4.875,97.5
blends,2,4.875,97.5
interactions,16,4.444,88.9
provisioned,2,4.875,97.5
insightful,10,4.575,91.5
kiranmai,2,4.750,95.0
bathala,2,4.750,95.0
navya,2,4.750,95.0
behaviour,22,4.570,91.4
bansal,16,4.578,91.6
aayush,8,4.731,94.6
maq,2,4.625,92.5
organizational,2,4.625,92.5
iocl,33,4.438,88.8
britannia,2,4.625,92.5
repairs,2,4.375,87.5
komal,2,4.375,87.5
surfacing,2,4.375,87.5
span,4,4.287,85.8
sorted,4,4.638,92.8
generous,6,4.625,92.5
wing,16,4.222,84.4
bhoria,2,4.375,87.5
humbly,2,4.375,87.5
pools,18,4.550,91.0
bo,3,4.083,81.7
manifold,3,4.833,96.7
exclusively,8,4.612,92.2
dheeraj,8,4.513,90.3
tours,10,4.765,95.3
request,6,4.250,85.0
western,10,4.650,93.0
rajpal,2,4.750,95.0
let,20,4.550,91.0
dealing,5,4.620,92.4
programmed,2,4.750,95.0
explaining,18,4.472,89.4
shweta,4,4.875,97.5
mentorship,10,4.710,94.2
crisil,4,4.875,97.5
shikha,2,5.000,100.0
sri,5,4.800,96.0
organization,10,4.720,94.4
surya,2,5.000,100.0
kamdar,2,5.000,100.0
ronak,4,4.600,92.0
acharjee,2,4.750,95.0
shape,12,4.654,93.1
organisation,11,4.727,94.5
arghya,4,4.725,94.5
heads,4,4.775,95.5
cafes,14,4.693,93.9
interacting,3,4.633,92.7
connecting,2,4.750,95.0
hosting,6,4.683,93.7
prasad,14,4.561,91.2
thankful,12,4.821,96.4
touch,8,4.569,91.4
ks,14,4.629,92.6
kabilan,2,4.875,97.5
affected,10,4.515,90.3
sundararaj,2,4.875,97.5
vijayan,2,5.000,100.0
pidilte,2,5.000,100.0
translates,2,5.000,100.0
aneesh,2,5.000,100.0
interned,12,4.450,89.0
calorific,2,5.000,100.0
permanent,4,4.600,92.0
picture,10,4.770,95.4
academicians,2,4.875,97.5
accomplished,8,4.150,83.0
barahpuria,2,4.875,97.5
lacking,11,4.723,94.5
uniquely,8,4.631,92.6
ops,2,4.625,92.5
advantageous,2,4.625,92.5
breadth,4,4.062,81.2
robust,12,4.342,86.8
nilay,2,4.625,92.5
nk,14,4.604,92.1
dose,2,3.625,72.5
saga,2,3.625,72.5
trump,4,3.812,76.2
coverage,13,4.435,88.7
immediate,10,4.485,89.7
considering,44,4.373,87.5
aftermath,2,3.625,72.5
baths,4,3.862,77.2
perks,16,4.306,86.1
va,3,4.083,81.7
vatsal,2,3.625,72.5
equity,4,4.000,80.0
cfa,2,3.500,70.0
unnecessary,6,4.267,85.3
jampacked,2,3.500,70.0
sitting,36,4.628,92.6
attracted,6,4.200,84.0
acts,4,4.000,80.0
poorly,10,4.240,84.8
redundant,2,3.500,70.0
straight,6,4.367,87.3
burden,12,4.300,86.0
note,29,4.459,89.2
superior,16,4.541,90.8
functional,36,4.549,91.0
kolkata,4,4.688,93.8
west,12,4.175,83.5
avinash,8,4.669,93.4
polaris,2,4.375,87.5
levied,2,4.375,87.5
bengal,2,4.375,87.5
heritage,2,4.375,87.5
sankalp,4,4.588,91.8
shukla,8,4.419,88.4
telangana,4,4.625,92.5
jntu,2,4.750,95.0
qualiy,2,4.750,95.0
unless,18,4.539,90.8
cbit,2,4.750,95.0
america,4,4.575,91.5
tour,10,4.670,93.4
ap,6,4.758,95.2
chaganti,2,4.750,95.0
osmania,2,4.750,95.0
packager,2,4.750,95.0
ten,12,4.379,87.6
channels,2,4.875,97.5
naulakha,2,4.750,95.0
schedule,54,4.509,90.2
personalities,11,4.645,92.9
products,19,4.576,91.5
khandelwal,4,4.888,97.8
sustain,4,4.438,88.8
manage,36,4.468,89.4
grooming,4,4.763,95.2
painting,12,4.304,86.1
pardeshi,2,4.625,92.5
alums,6,4.608,92.2
spike,2,4.625,92.5
jayesh,2,4.625,92.5
underscores,1,3.800,76.0
delete,2,4.400,88.0
mistake,3,4.600,92.0
statistic,3,4.533,90.7
holidays,9,4.200,84.0
indians,12,4.533,90.7
paths,2,4.400,88.0
realm,1,3.800,76.0
sister,2,4.400,88.0
chandra,6,4.700,94.0
closes,5,4.360,87.2
saujanya,1,3.800,76.0
overly,6,4.500,90.0
silicon,5,4.480,89.6
concerned,54,4.512,90.2
amounts,2,4.100,82.0
punctual,6,4.467,89.3
experiencing,8,4.300,86.0
largely,6,4.567,91.3
unaffected,4,4.350,87.0
memorable,24,4.483,89.7
looked,10,4.620,92.4
dominos,12,4.600,92.0
partiality,2,4.100,82.0
mutual,4,4.250,85.0
chaiyos,2,4.100,82.0
industrialists,2,4.100,82.0
subhodeep,2,5.000,100.0
techar,2,5.000,100.0
yop,2,5.000,100.0
gthe,2,5.000,100.0
ver,2,5.000,100.0
appriciate,2,5.000,100.0
banerjee,8,4.500,90.0
mon,2,4.600,92.0
durable,2,4.600,92.0
celebrity,6,4.867,97.3
carbon,2,4.600,92.0
everest,4,4.700,94.0
remission,4,4.600,92.0
copied,2,4.600,92.0
fri,2,4.600,92.0
honestly,18,4.533,90.7
podium,2,4.600,92.0
purifier,5,4.720,94.4
shell,34,4.622,92.4
croda,2,4.600,92.0
logical,4,4.450,89.0
turf,6,4.367,87.3
muscles,2,4.300,86.0
orientations,2,4.300,86.0
discount,8,4.650,93.0
flex,2,4.300,86.0
youtube,22,4.282,85.6
browse,2,4.300,86.0
relationships,2,4.600,92.0
dryer,2,4.600,92.0
talked,6,4.700,94.0
laundary,4,4.350,87.0
gonna,4,4.350,87.0
beniwal,4,4.500,90.0
automated,10,4.760,95.2
janes,4,4.750,95.0
references,6,4.733,94.7
inspector,2,4.800,96.0
whopping,12,4.350,87.0
origins,2,4.600,92.0
issuing,8,4.475,89.5
okayish,12,4.383,87.7
return,16,4.519,90.4
ot,4,4.450,89.0
cousre,2,4.300,86.0
buildup,2,4.300,86.0
treated,13,4.542,90.8
babies,2,4.600,92.0
hurts,2,4.600,92.0
bhanvarasiya,2,4.600,92.0
harsh,32,4.562,91.2
renewables,4,4.650,93.0
suzlon,2,5.000,100.0
noteworthy,2,5.000,100.0
gse,2,5.000,100.0
bloomenergy,2,5.000,100.0
road,4,4.850,97.0
acquired,6,4.800,96.0
former,4,4.500,90.0
relaxing,6,4.500,90.0
preety,4,4.600,92.0
maru,2,4.700,94.0
cant,4,4.500,90.0
afford,6,4.167,83.3
meal,35,4.479,89.6
spare,2,4.400,88.0
mojo,2,4.500,90.0
mahobe,2,4.500,90.0
anjali,4,4.550,91.0
frequency,14,4.586,91.7
benefitted,2,4.700,94.0
desire,14,4.382,87.6
recommendation,6,4.400,88.0
compony,2,4.700,94.0
facilites,10,4.800,96.0
engaged,10,4.420,88.4
flaws,10,4.460,89.2
conjusted,2,4.500,90.0
malviya,2,4.500,90.0
divyraj,2,4.500,90.0
amalgamation,6,4.957,99.1
five,24,4.414,88.3
defines,4,4.585,91.7
rt,6,4.623,92.5
ratnesh,3,4.447,88.9
sarvankar,1,4.740,94.8
paced,2,4.870,97.4
ishant,2,4.875,97.5
competitiveness,2,4.750,95.0
heights,8,4.588,91.8
shrey,4,4.575,91.5
fosters,4,4.787,95.7
boopathi,2,4.875,97.5
balance,17,4.774,95.5
provoking,3,4.783,95.7
elite,24,4.631,92.6
handpicked,2,4.875,97.5
motivating,8,4.875,97.5
frequented,2,5.000,100.0
esteemed,10,4.585,91.7
anupam,4,4.900,98.0
mallick,2,5.000,100.0
experiential,2,5.000,100.0
dhondi,2,5.000,100.0
shouvik,2,3.875,77.5
putatunda,2,3.875,77.5
desired,20,4.308,86.2
multinationals,2,3.125,62.5
regularity,2,3.125,62.5
networks,17,4.415,88.3
des,13,4.358,87.2
shaping,4,3.938,78.8
captured,4,3.938,78.8
evaluating,4,3.988,79.8
daksh,2,3.375,67.5
encouragement,2,3.375,67.5
compendium,2,3.375,67.5
padmanabhan,2,3.375,67.5
oozed,2,3.375,67.5
kuruksastra,2,3.375,67.5
radio,10,4.395,87.9
georgia,4,4.088,81.8
burdened,2,3.375,67.5
karlsruhe,2,3.375,67.5
revamped,6,3.992,79.8
draw,2,3.375,67.5
donors,2,3.375,67.5
gloss,2,3.375,67.5
bookstore,2,3.375,67.5
belonging,2,3.375,67.5
undergo,6,4.458,89.2
boxes,2,3.375,67.5
truly,14,4.286,85.7
sastra,6,4.158,83.2
expects,5,3.870,77.4
upc,2,3.375,67.5
biotech,22,4.498,90.0
prospectus,2,3.375,67.5
teeming,2,3.375,67.5
plant,9,4.283,85.7
tar,2,3.375,67.5
hons,7,4.079,81.6
archive,2,3.375,67.5
deakin,2,3.375,67.5
excitement,4,4.088,81.8
words,19,4.405,88.1
chapter,2,3.375,67.5
leicester,2,3.375,67.5
generation,9,4.083,81.7
association,8,4.112,82.2
iob,2,3.375,67.5
com,6,4.167,83.3
glasgow,2,3.375,67.5
boats,2,3.375,67.5
innovate,8,4.144,82.9
admin,10,4.435,88.7
longed,2,3.375,67.5
fruition,2,3.375,67.5
stimulating,6,4.258,85.2
roads,20,4.507,90.1
ticks,2,3.375,67.5
ideals,2,3.375,67.5
biotikos,2,3.375,67.5
routine,10,4.115,82.3
barcelona,2,3.375,67.5
measured,2,3.375,67.5
spain,2,3.375,67.5
kms,9,4.217,84.3
sweden,2,3.375,67.5
law,2,3.375,67.5
madison,2,3.375,67.5
languages,18,4.475,89.5
cultures,17,4.397,87.9
undertake,2,3.375,67.5
plasma,2,3.375,67.5
mexico,2,3.375,67.5
effluent,2,3.375,67.5
uk,8,4.494,89.9
square,4,4.138,82.8
laid,10,4.175,83.5
kothandaraman,2,3.375,67.5
wisconsin,2,3.375,67.5
seds,2,3.375,67.5
liberty,6,4.258,85.2
higginbothams,2,3.375,67.5
deemed,2,3.375,67.5
wadio,2,3.375,67.5
scotland,4,4.037,80.7
iiche,2,3.375,67.5
cinevestav,2,3.375,67.5
cub,2,3.375,67.5
sets,15,4.463,89.3
orebro,2,3.375,67.5
behold,2,3.375,67.5
houses,21,4.500,90.0
dental,2,3.375,67.5
sporting,16,4.459,89.2
mgm,2,3.375,67.5
yo,2,3.625,72.5
notice,8,4.381,87.6
ahmedabad,4,3.875,77.5
chinese,6,4.442,88.8
parcel,2,3.625,72.5
heat,15,3.963,79.3
landscape,2,3.625,72.5
celebrations,4,4.112,82.2
coffees,6,4.408,88.2
gandhinagar,2,3.625,72.5
beat,10,4.405,88.1
whichever,9,4.294,85.9
nirma,2,3.625,72.5
juices,4,3.962,79.2
bu,2,3.625,72.5
birthday,2,3.625,72.5
cold,8,4.331,86.6
shivani,4,4.013,80.2
samosas,2,3.625,72.5
os,3,3.783,75.7
rohitash,2,3.375,67.5
natesan,2,4.000,80.0
mohideen,2,4.000,80.0
saved,2,4.000,80.0
berkley,2,4.000,80.0
sn,8,4.400,88.0
owen,2,4.000,80.0
crs,2,4.000,80.0
rao,2,4.000,80.0
kk,6,4.433,88.7
educates,2,4.000,80.0
arti,2,4.000,80.0
pathetically,2,4.000,80.0
compensate,4,4.450,89.0
sub,6,4.500,90.0
momaya,2,4.000,80.0
handful,10,4.480,89.6
disappointed,12,4.483,89.7
usha,4,4.400,88.0
shishir,4,4.300,86.0
sultan,2,4.000,80.0
breather,2,4.000,80.0
tippu,2,4.000,80.0
kalantri,2,5.000,100.0
repetitive,6,4.533,90.7
solutions,39,4.464,89.3
holding,9,4.600,92.0
wouldn,7,4.514,90.3
vit,2,5.000,100.0
portion,10,4.800,96.0
arrangement,4,4.800,96.0
truth,4,4.450,89.0
gentle,4,4.500,90.0
bestest,6,4.567,91.3
thank,10,4.860,97.2
amezing,2,4.250,85.0
architect,8,4.487,89.8
banana,2,4.250,85.0
functionaries,2,4.250,85.0
ok,12,4.542,90.8
wirless,2,4.250,85.0
virat,2,4.250,85.0
mukhesh,2,4.250,85.0
kiwi,2,4.250,85.0
sunder,4,4.525,90.5
pelrd,2,4.250,85.0
diodore,2,4.250,85.0
induary,2,4.250,85.0
moderated,4,4.625,92.5
pichai,4,3.975,79.5
kela,2,4.250,85.0
scilian,2,4.250,85.0
infrasand,2,4.250,85.0
setted,2,4.250,85.0
likely,11,4.645,92.9
packard,2,4.500,90.0
please,15,4.540,90.8
wires,1,4.500,90.0
drawback,16,4.612,92.2
hewlett,2,4.500,90.0
lost,6,4.500,90.0
protocol,1,4.500,90.0
device,4,4.525,90.5
ies,17,4.547,90.9
peacefully,14,4.575,91.5
danish,4,4.763,95.2
sound,28,4.409,88.2
stresses,2,4.625,92.5
ravinder,2,4.125,82.5
lakhlan,2,4.125,82.5
mrigank,2,4.375,87.5
engagement,2,4.375,87.5
pf,2,4.375,87.5
highs,3,4.317,86.3
trains,4,4.338,86.8
unable,11,4.359,87.2
establish,4,4.438,88.8
english,33,4.471,89.4
hesitating,2,4.375,87.5
deserved,2,4.375,87.5
lows,3,4.317,86.3
containing,8,4.469,89.4
maruti,18,4.586,91.7
abode,2,4.375,87.5
discuss,21,4.543,90.9
gopichand,2,4.625,92.5
opens,31,4.627,92.5
athukuri,2,4.625,92.5
iims,12,4.513,90.3
equipements,2,4.800,96.0
clearance,1,4.800,96.0
dislike,2,4.800,96.0
learner,5,4.800,96.0
gc,14,4.486,89.7
coordinating,2,4.800,96.0
sake,6,4.600,92.0
prioritize,2,4.800,96.0
fourthie,2,4.500,90.0
capabilities,14,4.400,88.0
vey,2,4.500,90.0
reality,10,4.100,82.0
essar,2,4.600,92.0
nighters,4,4.750,95.0
chaudhary,10,4.620,92.4
applying,26,4.654,93.1
grabbed,26,4.458,89.2
lights,23,4.643,92.9
idfc,2,4.900,98.0
transport,18,4.533,90.7
blackboards,8,4.875,97.5
nidhi,4,4.850,97.0
lek,6,4.733,94.7
occupied,6,4.433,88.7
occupy,2,4.700,94.0
airways,4,4.700,94.0
valued,6,4.633,92.7
km,23,4.626,92.5
gautam,10,4.660,93.2
railways,8,4.700,94.0
airtel,9,4.467,89.3
kavish,2,4.400,88.0
porwal,2,4.400,88.0
scoring,22,4.491,89.8
considerable,12,4.737,94.8
keshav,8,4.750,95.0
maheshwari,4,4.750,95.0
partly,2,4.600,92.0
investments,2,4.600,92.0
padhai,2,5.000,100.0
raat,2,5.000,100.0
masti,2,5.000,100.0
aane,2,5.000,100.0
ye,18,4.403,88.1
megafest,2,5.000,100.0
jada,2,5.000,100.0
kahna,2,5.000,100.0
yaha,2,5.000,100.0
aur,4,4.550,91.0
yt,5,4.880,97.6
hu,4,4.700,94.0
krna,2,5.000,100.0
jata,2,5.000,100.0
chahta,2,5.000,100.0
ke,2,5.000,100.0
bache,2,5.000,100.0
bhailog,2,5.000,100.0
cgp,4,4.750,95.0
karo,2,5.000,100.0
yahi,2,5.000,100.0
kgp,12,4.550,91.0
kaam,2,5.000,100.0
accha,2,5.000,100.0
aao,2,5.000,100.0
baad,2,5.000,100.0
emigrant,2,5.000,100.0
se,6,4.800,96.0
ki,2,5.000,100.0
karte,2,5.000,100.0
seater,10,4.440,88.8
suresh,8,4.506,90.1
randomly,6,4.400,88.0
coaches,42,4.595,91.9
revelent,2,4.900,98.0
appear,19,4.084,81.7
shamil,2,4.900,98.0
mohammed,6,4.733,94.7
memorizing,2,4.800,96.0
tones,2,4.800,96.0
internally,2,4.500,90.0
externally,6,4.367,87.3
selects,4,4.600,92.0
reaching,10,4.820,96.4
dispense,2,4.400,88.0
decorated,10,4.460,89.2
pivot,2,4.400,88.0
fell,4,4.700,94.0
majors,23,4.487,89.7
hindrance,2,4.400,88.0
kanchi,2,4.400,88.0
nationally,4,4.138,82.8
update,6,4.800,96.0
marked,6,4.333,86.7
pillar,2,4.100,82.0
niranjan,4,4.400,88.0
preceding,2,4.200,84.0
occupants,2,4.200,84.0
box,12,4.537,90.8
supplementary,2,4.600,92.0
pursuits,2,4.600,92.0
typical,14,4.525,90.5
additionally,24,4.379,87.6
occupations,2,4.600,92.0
subpar,4,4.000,80.0
lightning,2,4.600,92.0
supplied,6,4.700,94.0
acing,2,4.600,92.0
compensation,6,4.800,96.0
lasts,1,4.400,88.0
referrals,2,4.400,88.0
endterm,1,4.400,88.0
shaswat,4,4.400,88.0
piramal,8,4.625,92.5
countless,5,4.600,92.0
relations,8,4.444,88.9
saurav,12,4.683,93.7
guiding,12,4.587,91.7
shikhar,6,4.633,92.7
toshiba,2,5.000,100.0
mold,2,5.000,100.0
kunal,14,4.657,93.1
nupur,2,4.400,88.0
cp,4,4.500,90.0
raza,4,4.600,92.0
shamsher,2,4.200,84.0
tedious,8,4.375,87.5
promising,3,4.067,81.3
exponential,2,4.800,96.0
monash,4,4.750,95.0
commendable,6,4.167,83.3
ese,8,4.700,94.0
hiranmayi,2,4.800,96.0
sustainability,8,4.300,86.0
kolambe,2,4.800,96.0
bother,4,4.650,93.0
sucked,2,4.700,94.0
releases,2,4.700,94.0
fools,2,4.700,94.0
anger,2,4.700,94.0
methodologies,4,4.500,90.0
guy,2,4.700,94.0
attitude,9,4.422,88.4
inspite,2,4.700,94.0
torturing,2,4.700,94.0
vomit,2,4.700,94.0
aged,2,4.700,94.0
sincere,10,4.720,94.4
astha,2,4.600,92.0
ishan,6,4.700,94.0
styles,8,4.700,94.0
patole,2,4.900,98.0
uncertain,2,4.900,98.0
resolved,18,4.667,93.3
practise,6,4.967,99.3
dormitory,2,4.900,98.0
distinct,4,4.650,93.0
calibre,2,4.900,98.0
appalling,2,4.900,98.0
advait,2,4.900,98.0
forcing,2,4.500,90.0
domino,12,4.700,94.0
dungrani,2,4.500,90.0
november,6,4.533,90.7
tadwalkar,2,4.500,90.0
distractions,2,4.500,90.0
ordering,4,4.450,89.0
router,16,4.725,94.5
load,13,4.615,92.3
anirudh,10,4.560,91.2
debating,12,4.650,93.0
parallel,10,4.520,90.4
obv,2,4.700,94.0
competitors,2,4.700,94.0
indeed,20,4.537,90.8
legendary,4,4.600,92.0
ultra,6,4.633,92.7
shivhare,2,4.700,94.0
salunkhe,2,4.600,92.0
tag,20,4.617,92.3
jayank,2,4.500,90.0
floors,45,4.542,90.8
aksh,4,4.450,89.0
bench,2,4.600,92.0
peeps,2,4.600,92.0
charging,8,4.675,93.5
hearing,2,4.600,92.0
thakre,2,4.500,90.0
buggies,2,4.500,90.0
hear,12,4.583,91.7
stressfull,4,4.150,83.0
rickshaws,2,4.500,90.0
pipe,2,3.000,60.0
stinking,2,3.000,60.0
yuvraj,7,4.571,91.4
thrice,4,3.800,76.0
damage,2,3.000,60.0
leaking,2,3.000,60.0
tanwar,1,3.600,72.0
iting,1,3.600,72.0
atomberg,2,3.200,64.0
gohil,2,3.200,64.0
mathur,2,4.300,86.0
malls,10,4.650,93.0
sheoran,4,4.350,87.0
sarvesh,8,4.550,91.0
landrover,4,4.700,94.0
launching,2,4.400,88.0
recognition,10,4.605,92.1
gen,2,4.300,86.0
siwach,6,4.533,90.7
grew,2,4.300,86.0
rocket,4,4.550,91.0
spots,19,4.537,90.7
mohit,18,4.489,89.8
obc,6,4.500,90.0
reservations,2,4.300,86.0
favourite,8,4.600,92.0
dancing,10,4.515,90.3
killed,2,4.400,88.0
six,10,4.480,89.6
singing,6,4.425,88.5
aunty,2,4.400,88.0
listed,22,4.432,88.6
trade,4,4.388,87.8
collected,6,4.467,89.3
usps,6,4.033,80.7
cutoff,18,4.478,89.6
hectics,2,4.300,86.0
josaa,14,4.300,86.0
themself,2,4.300,86.0
band,2,4.300,86.0
opinion,25,4.496,89.9
weather,9,4.733,94.7
arya,8,4.525,90.5
meticulously,4,4.350,87.0
historically,2,4.500,90.0
hinder,2,4.500,90.0
overlapping,2,4.500,90.0
applies,10,4.540,90.8
european,6,4.725,94.5
remarkable,11,4.691,93.8
mathematical,10,4.755,95.1
contributor,2,4.500,90.0
samyak,4,4.550,91.0
shift,6,4.700,94.0
privates,2,4.800,96.0
iitbombay,2,4.800,96.0
gaikwad,2,4.800,96.0
nutrition,12,4.600,92.0
satpute,2,4.600,92.0
palak,2,4.600,92.0
citations,4,4.600,92.0
impression,2,4.600,92.0
persuaded,2,4.600,92.0
welcoming,2,4.600,92.0
susrush,2,4.600,92.0
creates,9,4.517,90.3
molding,2,4.600,92.0
pending,2,4.600,92.0
stadium,46,4.587,91.7
kadiyala,2,4.600,92.0
accessory,2,4.900,98.0
mehtani,2,4.900,98.0
pile,2,4.800,96.0
dry,2,4.800,96.0
leaf,2,4.800,96.0
quantum,11,4.582,91.6
caterer,4,4.300,86.0
growing,20,4.487,89.8
linen,2,4.300,86.0
aren,41,4.396,87.9
commitment,6,4.433,88.7
mehul,2,4.500,90.0
singodia,2,4.500,90.0
mondal,8,4.700,94.0
unrivaled,2,4.900,98.0
contract,4,4.500,90.0
festivities,2,4.900,98.0
eligibility,18,4.556,91.1
arif,4,4.750,95.0
supplies,4,4.850,97.0
rent,6,4.633,92.7
kaur,2,4.700,94.0
randeep,2,4.700,94.0
hondra,2,4.600,92.0
kavan,2,4.600,92.0
vavadiya,2,4.600,92.0
int,2,4.600,92.0
callege,2,4.600,92.0
endsem,4,4.650,93.0
pamar,2,4.300,86.0
vankdothu,2,4.300,86.0
shiva,5,4.240,84.8
salil,2,3.800,76.0
bearable,15,4.453,89.1
sumptuous,1,3.800,76.0
tight,11,4.450,89.0
intuitive,1,3.800,76.0
singhal,10,4.160,83.2
accolades,1,3.800,76.0
renders,1,3.800,76.0
pathik,2,4.400,88.0
halani,2,4.400,88.0
supporter,2,4.400,88.0
raises,6,4.767,95.3
pilani,4,4.600,92.0
maniyar,2,4.900,98.0
drinking,30,4.525,90.5
matters,25,4.424,88.5
quo,2,4.900,98.0
fourth,12,4.633,92.7
spends,10,4.640,92.8
bits,6,4.533,90.7
bath,2,4.900,98.0
pranav,2,4.900,98.0
anshiva,2,4.600,92.0
quiet,26,4.637,92.7
hearted,5,4.840,96.8
jim,2,4.600,92.0
arise,4,3.900,78.0
bounds,2,4.700,94.0
chaphekar,2,4.700,94.0
ninad,2,4.700,94.0
shop,20,4.350,87.0
covid,42,4.557,91.1
pt,2,4.300,86.0
shirsath,2,4.300,86.0
hangs,2,4.300,86.0
ventilation,18,4.389,87.8
conditioner,37,4.557,91.1
essential,24,4.560,91.2
saina,2,4.600,92.0
item,7,4.686,93.7
respond,10,4.640,92.8
mining,8,4.075,81.5
action,10,4.560,91.2
misfortune,2,4.700,94.0
sujeet,2,4.700,94.0
gurmukh,2,4.500,90.0
bearings,2,4.300,86.0
organisational,2,4.300,86.0
moni,2,4.300,86.0
mufaddal,2,4.300,86.0
chips,2,4.300,86.0
nmb,2,4.300,86.0
kf,2,4.800,96.0
ritij,2,4.800,96.0
nutshell,4,4.900,98.0
aquipped,2,4.800,96.0
semiconductor,14,4.700,94.0
councelling,2,4.800,96.0
hod,10,4.755,95.1
tsmc,4,4.700,94.0
nishkarsh,2,4.700,94.0
forget,10,4.560,91.2
teatime,2,4.700,94.0
frail,2,4.300,86.0
scheme,15,4.467,89.3
upgraded,16,4.487,89.8
pallavi,2,4.200,84.0
kochar,2,4.200,84.0
cyber,12,4.433,88.7
suhail,2,4.300,86.0
solution,6,4.767,95.3
complaint,13,4.708,94.2
cheerful,8,4.675,93.5
rounder,10,4.660,93.2
yogesh,4,4.600,92.0
imagine,10,4.640,92.8
inbev,12,4.583,91.7
exxonmobil,2,4.900,98.0
rakuten,8,4.750,95.0
mastercard,30,4.608,92.2
chowdhury,2,4.700,94.0
paul,6,4.675,93.5
garbage,2,4.300,86.0
hariom,2,4.300,86.0
walls,12,4.117,82.3
purity,2,4.300,86.0
puneet,7,4.600,92.0
sunita,2,4.600,92.0
devi,2,4.600,92.0
gardening,4,4.500,90.0
spoke,2,4.500,90.0
sorathiya,4,4.350,87.0
bicycles,6,4.767,95.3
metal,2,4.800,96.0
excites,2,4.800,96.0
underwater,2,4.800,96.0
tall,4,4.213,84.2
dances,4,4.750,95.0
abundant,8,4.575,91.5
pathways,2,4.800,96.0
cuisines,12,4.629,92.6
glitches,4,4.700,94.0
drones,8,4.550,91.0
dignified,2,4.800,96.0
break,10,4.660,93.2
rules,19,4.632,92.6
regulations,15,4.387,87.7
everybody,14,4.700,94.0
adequately,4,4.500,90.0
rote,4,4.500,90.0
occurrence,2,4.600,92.0
cater,30,4.627,92.5
amounted,2,4.600,92.0
fostering,6,4.767,95.3
aspire,10,4.735,94.7
enabling,6,4.708,94.2
begin,10,4.720,94.4
moody,2,5.000,100.0
bunking,2,4.600,92.0
jajodia,2,4.600,92.0
likewise,4,4.612,92.2
naming,2,4.600,92.0
ventures,10,4.465,89.3
jaiswal,12,4.600,92.0
classic,4,4.750,95.0
entrepreneur,14,4.657,93.1
quick,8,4.500,90.0
beautifully,8,4.475,89.5
italian,4,5.000,100.0
jyoti,4,4.812,96.2
haemoglobin,2,5.000,100.0
bmi,2,5.000,100.0
movies,13,4.692,93.8
tomer,2,5.000,100.0
label,2,5.000,100.0
reduce,12,4.583,91.7
pampers,2,5.000,100.0
suggested,10,4.500,90.0
sincerity,4,4.650,93.0
parth,10,4.560,91.2
professionalism,2,4.300,86.0
hefty,6,4.467,89.3
shettiwar,2,4.300,86.0
hardly,24,4.360,87.2
racket,4,4.400,88.0
wherever,12,4.517,90.3
intra,16,4.662,93.2
repeatedly,2,4.300,86.0
aavhan,2,4.300,86.0
painkillers,2,4.300,86.0
messes,48,4.513,90.3
mandatorily,2,4.300,86.0
tournament,10,4.520,90.4
thumb,2,4.300,86.0
litter,4,4.550,91.0
antibiotics,2,4.300,86.0
meshram,4,4.450,89.0
qs,13,4.692,93.8
attract,14,4.557,91.1
socially,2,4.100,82.0
inexpensive,4,4.550,91.0
staircase,4,4.450,89.0
rishikesh,2,4.100,82.0
demotivates,2,4.100,82.0
rm,18,4.533,90.7
economically,12,4.517,90.3
backward,6,4.567,91.3
particle,3,4.467,89.3
nuclear,4,4.900,98.0
learnings,5,4.520,90.4
classical,5,4.800,96.0
posts,17,4.588,91.8
guess,22,4.436,88.7
harekrissna,2,4.600,92.0
peofessor,1,4.600,92.0
nanotechnolofy,1,4.600,92.0
thw,1,4.600,92.0
outdoors,2,4.600,92.0
atomic,1,4.600,92.0
salsa,2,4.600,92.0
lineant,2,4.600,92.0
mew,1,4.600,92.0
cards,6,4.533,90.7
mechanics,58,4.531,90.6
foir,2,4.600,92.0
employable,2,4.600,92.0
download,12,4.417,88.3
toy,1,4.600,92.0
amd,2,4.600,92.0
unsurmountable,2,4.600,92.0
individually,1,4.600,92.0
bat,5,4.560,91.2
interacted,1,4.600,92.0
hr,23,4.493,89.9
condensed,1,4.600,92.0
endless,10,4.585,91.7
gb,64,4.545,90.9
downloaded,2,4.600,92.0
classy,2,4.600,92.0
molecular,3,4.467,89.3
joke,2,4.600,92.0
refreshing,1,4.600,92.0
okish,2,4.600,92.0
khokho,2,4.600,92.0
communities,5,4.060,81.2
preet,4,4.400,88.0
sponsored,9,4.356,87.1
pintu,2,3.900,78.0
yk,2,4.400,88.0
vg,12,4.567,91.3
vaskar,2,4.400,88.0
remitted,2,4.400,88.0
gorai,2,4.400,88.0
controlled,10,4.600,92.0
previously,4,4.200,84.0
flew,2,4.400,88.0
bytes,2,4.400,88.0
diswar,2,4.700,94.0
ankit,26,4.638,92.8
approaching,2,4.800,96.0
tremendously,2,4.800,96.0
hd,2,4.800,96.0
damani,2,4.800,96.0
mediocre,8,4.325,86.5
dropping,2,4.100,82.0
retagging,2,4.100,82.0
ceiling,3,4.333,86.7
criticism,2,4.100,82.0
khoker,2,4.100,82.0
lately,2,4.100,82.0
falling,4,3.900,78.0
redmond,8,4.600,92.0
rigid,5,4.120,82.4
foundations,4,3.950,79.0
outliers,2,4.100,82.0
random,6,4.500,90.0
goyal,28,4.507,90.1
arjun,4,4.612,92.2
birua,2,4.600,92.0
qualitative,2,4.600,92.0
unmeasurable,2,5.000,100.0
banra,2,5.000,100.0
profitable,2,5.000,100.0
hs,10,4.640,92.8
setia,2,5.000,100.0
apparatus,6,4.467,89.3
sudheeradh,2,4.900,98.0
enable,10,4.640,92.8
kolakaluri,2,4.900,98.0
achieves,6,4.600,92.0
kamble,6,4.667,93.3
specialisation,20,4.612,92.2
edible,12,4.487,89.8
promptly,2,4.800,96.0
contractors,2,4.800,96.0
blackstone,2,4.600,92.0
hosted,16,4.488,89.8
scout,2,4.600,92.0
motivation,8,4.550,91.0
edition,2,4.600,92.0
carefully,14,4.586,91.7
interiit,6,4.800,96.0
compulsion,4,4.450,89.0
concerns,6,4.375,87.5
ramakant,2,4.300,86.0
awful,12,4.250,85.0
blazimg,2,4.900,98.0
theworl,2,4.900,98.0
ome,2,4.900,98.0
prfs,2,4.900,98.0
planed,2,4.900,98.0
healthcare,8,4.550,91.0
gumkhana,2,4.900,98.0
studwnts,2,4.900,98.0
liv,2,4.900,98.0
textile,114,4.393,87.9
crossing,1,4.600,92.0
pranjal,5,4.520,90.4
trident,8,4.450,89.0
uneven,1,4.600,92.0
meesho,6,4.633,92.7
vardhman,4,4.150,83.0
alue,1,4.600,92.0
renewed,6,4.467,89.3
garhwal,2,4.100,82.0
empathy,2,4.100,82.0
satwik,2,4.200,84.0
sanitation,8,4.325,86.5
checks,6,4.433,88.7
hero,6,4.433,88.7
boyce,2,4.200,84.0
hazarika,2,4.200,84.0
nonstop,2,4.200,84.0
gyanam,2,4.200,84.0
motocorp,4,4.350,87.0
geet,4,4.350,87.0
mfg,2,4.200,84.0
unexplored,2,4.400,88.0
punnapureddy,16,4.175,83.5
packed,14,4.471,89.4
freshly,2,4.400,88.0
packaging,2,4.400,88.0
physicist,2,4.400,88.0
proficiency,2,4.400,88.0
chip,4,4.650,93.0
gigantic,6,4.667,93.3
cnc,2,4.900,98.0
substantial,4,4.700,94.0
exl,28,4.714,94.3
transformative,3,4.867,97.3
cam,2,4.900,98.0
bakhtawar,2,4.900,98.0
reasonably,6,4.967,99.3
seamlessly,2,4.600,92.0
raunak,8,4.475,89.5
chooses,6,4.433,88.7
payment,8,4.375,87.5
iitd,167,4.574,91.5
punna,2,3.600,72.0
pureddy,2,3.600,72.0
humongous,8,4.381,87.6
polo,4,4.300,86.0
questioning,4,3.950,79.0
pushkal,2,3.600,72.0
macay,6,4.167,83.3
ocs,20,4.530,90.6
aquatics,2,3.600,72.0
obsolete,4,3.950,79.0
triple,56,4.504,90.1
volunteering,4,3.950,79.0
crazy,10,4.200,84.0
dogra,8,4.125,82.5
whatnot,6,4.233,84.7
hometown,6,3.833,76.7
adlakha,2,3.600,72.0
inquired,4,3.950,79.0
spic,6,4.167,83.3
kaizen,12,4.433,88.7
rdv,37,4.389,87.8
cre,2,3.900,78.0
checkups,6,4.500,90.0
col,4,4.100,82.0
folks,4,4.200,84.0
transfers,2,3.900,78.0
ias,12,4.600,92.0
ips,4,4.650,93.0
aiims,41,4.590,91.8
refresh,6,4.533,90.7
dominance,4,4.650,93.0
manu,2,4.900,98.0
graviton,47,4.489,89.8
visitor,8,4.225,84.5
slv,2,4.900,98.0
rajoriya,2,4.900,98.0
biochemical,64,4.556,91.1
meman,2,4.700,94.0
aash,2,4.700,94.0
manasi,2,4.400,88.0
korade,2,4.400,88.0
milk,8,4.500,90.0
kailash,6,4.633,92.7
fruits,14,4.471,89.4
pandit,2,4.200,84.0
virendra,2,4.200,84.0
missed,9,4.556,91.1
mazars,3,4.483,89.7
kelton,5,4.340,86.8
stude,3,4.467,89.3
unfound,3,4.067,81.3
vedanta,20,4.415,88.3
rbs,7,4.471,89.4
dayal,6,4.533,90.7
dish,8,4.200,84.0
leagues,2,3.800,76.0
correct,10,4.280,85.6
benny,6,4.533,90.7
divyanshu,2,3.800,76.0
gaps,4,4.050,81.0
rendezvous,147,4.560,91.2
mrinal,4,3.900,78.0
fot,4,3.900,78.0
udaigiri,19,4.358,87.2
scores,15,4.257,85.1
processes,14,4.271,85.4
dinners,10,4.220,84.4
tg,6,3.967,79.3
incomes,2,3.800,76.0
march,20,4.450,89.0
sunidhi,6,4.533,90.7
determines,6,4.233,84.7
browsing,12,4.667,93.3
hari,7,4.314,86.3
cirric,4,4.300,86.0
reg,4,4.300,86.0
bet,4,4.300,86.0
circuital,13,4.538,90.8
mixed,12,4.267,85.3
broken,8,4.200,84.0
nagarkar,4,4.300,86.0
choosi,4,4.300,86.0
minutes,18,4.644,92.9
purified,6,4.567,91.3
bot,4,4.500,90.0
geyser,8,4.375,87.5
waits,4,4.500,90.0
adjust,14,4.471,89.4
holy,4,4.500,90.0
independence,4,4.500,90.0
timing,10,4.340,86.8
africa,4,4.500,90.0
balotiya,4,4.500,90.0
marking,22,4.564,91.3
returning,4,4.500,90.0
meetings,22,4.527,90.5
lenient,10,4.060,81.2
drone,6,4.467,89.3
karakoram,6,4.567,91.3
accessed,11,4.727,94.5
mckenzie,16,4.537,90.8
highwas,4,4.700,94.0
huawei,8,4.700,94.0
norton,4,4.700,94.0
speranza,5,4.640,92.8
mercedbenz,4,4.700,94.0
wellknown,4,4.700,94.0
database,6,4.733,94.7
administrator,6,4.500,90.0
teacheare,4,4.700,94.0
studenwere,4,4.700,94.0
sanitized,8,4.650,93.0
occur,24,4.450,89.0
anshika,4,4.700,94.0
tryst,65,4.486,89.7
oyo,27,4.691,93.8
prajapati,6,4.800,96.0
commodities,4,4.900,98.0
differs,12,4.633,92.7
colors,4,4.900,98.0
nath,7,4.629,92.6
flying,12,4.717,94.3
domest,4,4.900,98.0
proffs,6,4.933,98.7
hfts,12,4.767,95.3
billiards,16,4.500,90.0
pursued,23,4.600,92.0
aravali,8,4.825,96.5
simgle,4,4.900,98.0
appears,10,4.855,97.1
engin,4,4.900,98.0
proff,6,4.933,98.7
sulaiman,4,4.900,98.0
placeme,4,4.900,98.0
salim,4,4.900,98.0
ages,4,4.900,98.0
genuine,16,4.375,87.5
thar,4,4.400,88.0
manoj,8,4.575,91.5
sea,5,4.560,91.2
announced,10,4.555,91.1
vadlapudi,4,4.600,92.0
nizamuddin,4,4.500,90.0
bharti,14,4.600,92.0
spcom,6,4.500,90.0
sah,14,4.486,89.7
awarded,18,4.522,90.4
rf,12,4.533,90.7
hazrat,4,4.500,90.0
igi,4,4.500,90.0
analog,17,4.647,92.9
mirrors,6,4.567,91.3
roommates,6,4.500,90.0
ti,16,4.613,92.3
midway,4,4.400,88.0
ecm,4,4.400,88.0
met,20,4.420,88.4
phenomenon,6,4.533,90.7
inclination,4,4.400,88.0
vansh,8,4.500,90.0
pragya,4,4.500,90.0
samiti,4,4.500,90.0
patra,4,4.500,90.0
brca,7,4.629,92.6
pfc,6,4.667,93.3
unicorns,6,4.267,85.3
fooseball,4,4.100,82.0
weightlifting,20,4.450,89.0
copies,8,4.400,88.0
documents,6,4.100,82.0
card,20,4.240,84.8
welcomed,4,4.100,82.0
portal,22,4.427,88.5
define,6,3.867,77.3
fill,19,4.358,87.2
manages,8,4.075,81.5
schemes,4,3.900,78.0
studentship,6,4.167,83.3
certificates,9,4.089,81.8
guidelines,4,3.900,78.0
ifs,4,3.900,78.0
samiksha,6,4.033,80.7
readers,4,3.900,78.0
orientation,10,4.380,87.6
channel,6,3.833,76.7
sustainable,6,4.067,81.3
solar,9,4.044,80.9
mittal,34,4.356,87.1
meghana,4,3.800,76.0
nakka,4,3.800,76.0
flowing,4,3.800,76.0
hazards,4,3.800,76.0
cells,15,4.227,84.5
elevators,10,4.335,86.7
lawns,10,4.440,88.8
sterling,6,4.133,82.7
drainage,4,3.800,76.0
household,4,3.800,76.0
tiny,8,4.400,88.0
shekhar,8,4.500,90.0
unbiased,4,4.300,86.0
exceeding,6,4.300,86.0
solvable,4,4.300,86.0
revealed,4,4.300,86.0
appearing,7,4.857,97.1
securities,12,4.733,94.7
unconventional,6,4.833,96.7
coordinates,6,4.933,98.7
distribution,41,4.348,87.0
highlights,55,4.366,87.3
emerged,35,4.304,86.1
hackathons,8,4.400,88.0
curriculars,8,4.750,95.0
literary,16,4.637,92.7
spacing,3,4.467,89.3
samarth,3,4.400,88.0
vardhan,8,4.875,97.5
kmpg,2,4.600,92.0
party,20,4.620,92.4
cab,4,4.250,85.0
norms,4,4.550,91.0
grass,6,4.800,96.0
kilometres,2,4.400,88.0
pulling,2,4.400,88.0
clay,2,4.400,88.0
fed,6,4.767,95.3
magenta,2,4.400,88.0
grab,20,4.600,92.0
wishes,4,4.600,92.0
sadly,8,4.225,84.5
recruits,9,4.717,94.3
parks,6,4.600,92.0
rickshaw,2,4.400,88.0
nighter,4,4.400,88.0
juice,6,4.567,91.3
absolute,20,4.520,90.4
banned,2,4.800,96.0
hesitation,2,4.800,96.0
representative,4,4.800,96.0
cef,2,4.800,96.0
makhan,2,4.800,96.0
sponsoring,2,4.800,96.0
pronites,3,4.667,93.3
judges,2,4.800,96.0
smartest,6,4.700,94.0
decrease,10,4.560,91.2
wishing,2,4.800,96.0
nus,4,4.650,93.0
undertook,2,4.700,94.0
ntu,6,4.600,92.0
unsw,6,4.600,92.0
dhruvendra,2,4.700,94.0
durgesh,2,4.800,96.0
chase,34,4.615,92.3
cap,8,4.875,97.5
gemini,4,4.850,97.0
weer,2,5.000,100.0
bhavey,2,5.000,100.0
nisha,2,4.900,98.0
voora,2,4.400,88.0
listens,4,4.600,92.0
jurel,2,4.500,90.0
constitute,4,4.600,92.0
aniket,4,4.650,93.0
subrata,2,4.900,98.0
categorised,2,4.900,98.0
kumaon,6,4.667,93.3
consideration,4,4.750,95.0
visitors,18,4.333,86.7
exit,8,4.700,94.0
bhm,8,4.625,92.5
zanskar,6,4.733,94.7
cross,14,4.514,90.3
ethic,2,4.100,82.0
nptel,8,4.375,87.5
gather,12,4.550,91.0
measures,6,4.333,86.7
ends,8,4.400,88.0
vinit,4,4.350,87.0
strick,2,3.900,78.0
acquainted,2,3.900,78.0
sprinklr,5,4.520,90.4
homemade,6,4.367,87.3
signals,4,4.600,92.0
gartner,9,4.667,93.3
thakan,2,4.400,88.0
sharesth,2,4.400,88.0
mothilal,4,4.700,94.0
jadav,4,4.700,94.0
mount,2,4.800,96.0
climb,2,4.800,96.0
kindergarden,2,4.800,96.0
revises,2,4.800,96.0
underrated,6,4.542,90.8
cakewalk,6,4.467,89.3
watched,2,4.200,84.0
watch,20,4.382,87.6
admitted,15,4.493,89.9
ego,1,4.000,80.0
excessive,1,4.000,80.0
progressive,1,4.000,80.0
concentration,6,4.600,92.0
veerendra,2,4.300,86.0
girdhar,2,4.300,86.0
gond,2,4.700,94.0
basement,2,4.700,94.0
webmail,2,4.700,94.0
craze,3,4.467,89.3
dev,13,4.446,88.9
pratap,6,4.433,88.7
preparatory,2,4.600,92.0
jodhpur,2,4.600,92.0
listen,20,4.540,90.8
supplement,2,4.500,90.0
mic,4,4.400,88.0
acads,2,4.500,90.0
jeevesh,2,4.500,90.0
waste,6,4.400,88.0
cooking,2,4.500,90.0
paperless,2,4.500,90.0
occasional,2,4.500,90.0
mom,2,4.500,90.0
wanna,2,4.500,90.0
constraints,12,4.767,95.3
csc,6,4.433,88.7
resolving,2,4.300,86.0
cheering,2,4.300,86.0
chichhore,2,4.300,86.0
regrets,3,4.533,90.7
cheating,8,4.350,87.0
credible,2,4.300,86.0
comp,4,4.450,89.0
raut,2,4.300,86.0
tuhin,2,4.300,86.0
requires,20,4.487,89.8
experimentation,6,4.333,86.7
beware,4,4.500,90.0
ace,10,4.700,94.0
shaurya,4,4.650,93.0
govil,2,4.500,90.0
seriousness,2,4.700,94.0
mina,6,4.400,88.0
credentials,11,4.527,90.5
possibilities,4,4.450,89.0
refer,12,4.492,89.8
thi,3,4.533,90.7
sanchit,8,4.325,86.5
payal,4,4.700,94.0
bhardwaj,11,4.764,95.3
bhalla,4,4.750,95.0
alam,5,4.520,90.4
qais,2,4.700,94.0
royal,4,4.550,91.0
alone,8,4.750,95.0
expecting,8,4.350,87.0
contribute,8,4.800,96.0
equip,4,4.800,96.0
comply,2,5.000,100.0
rngineering,2,5.000,100.0
soaring,2,5.000,100.0
strenuous,2,5.000,100.0
region,8,4.600,92.0
jwala,2,4.200,84.0
yishuvendra,2,4.200,84.0
jwalamukhi,8,4.350,87.0
gurgaon,2,4.200,84.0
ic,8,4.475,89.5
brighter,6,4.300,86.0
grofers,4,4.300,86.0
dewangan,2,4.200,84.0
champion,3,4.467,89.3
nutritious,16,4.462,89.2
tausif,1,4.200,84.0
ead,2,4.600,92.0
haq,4,4.500,90.0
ul,2,4.400,88.0
inzamam,2,4.400,88.0
degraded,4,4.250,85.0
munazzil,2,4.500,90.0
anwer,2,4.500,90.0
bag,4,4.650,93.0
vaishnavi,4,4.650,93.0
rendvezous,2,4.800,96.0
fibre,8,4.750,95.0
cg,16,4.700,94.0
mill,2,4.500,90.0
early,20,4.700,94.0
raiyan,2,4.500,90.0
sulemani,2,4.500,90.0
sajwan,2,4.000,80.0
girnar,16,4.388,87.8
conscious,4,4.150,83.0
partition,2,3.900,78.0
saral,2,4.000,80.0
vikas,14,4.425,88.5
unicorn,2,3.800,76.0
newest,10,4.140,82.8
finishing,2,3.800,76.0
produced,4,4.200,84.0
priyanshi,4,4.600,92.0
rajdhani,9,4.533,90.7
masala,5,4.800,96.0
pharmacy,16,4.725,94.5
jhanji,2,4.900,98.0
feeding,2,4.900,98.0
rishi,8,4.875,97.5
spoon,9,4.756,95.1
feed,10,4.660,93.2
history,8,4.525,90.5
printing,4,4.600,92.0
xerox,10,4.660,93.2
organizing,6,4.633,92.7
groceries,2,4.900,98.0
conferences,14,4.743,94.9
publishing,6,4.725,94.5
eight,4,4.450,89.0
digits,2,5.000,100.0
seven,7,4.514,90.3
meenakshi,2,5.000,100.0
pramukh,2,4.900,98.0
sleepless,4,4.800,96.0
deloitite,2,4.900,98.0
nanoscale,4,4.700,94.0
gabbed,2,4.800,96.0
majee,2,4.800,96.0
spectroscopy,4,4.700,94.0
pharmacies,4,4.700,94.0
kanwat,2,4.800,96.0
klein,2,4.800,96.0
calvin,2,4.800,96.0
dozen,2,4.800,96.0
debate,5,4.680,93.6
franchises,2,5.000,100.0
integration,2,5.000,100.0
cafe,31,4.710,94.2
surprisingly,1,5.000,100.0
minors,27,4.496,89.9
algorithm,7,4.964,99.3
door,6,4.900,98.0
codings,2,5.000,100.0
hubs,2,5.000,100.0
vulnerable,2,5.000,100.0
garv,3,4.800,96.0
interval,12,4.717,94.3
jindal,14,4.557,91.1
rajveer,2,5.000,100.0
documentary,2,4.700,94.0
walking,11,4.636,92.7
hang,8,4.625,92.5
managing,14,4.371,87.4
fetch,2,4.700,94.0
cravings,6,4.400,88.0
guests,4,4.650,93.0
husain,2,4.700,94.0
founders,2,4.600,92.0
mukherjee,2,4.600,92.0
publishes,2,4.600,92.0
ancc,2,4.600,92.0
aeromodelling,4,4.600,92.0
readily,10,4.580,91.6
bliss,6,4.733,94.7
ashutosh,12,4.650,93.0
jon,2,4.900,98.0
deere,4,4.900,98.0
ansys,2,4.900,98.0
avail,21,4.593,91.9
siemens,14,4.614,92.3
someday,2,4.900,98.0
reside,2,4.900,98.0
freshies,2,4.400,88.0
indore,2,4.400,88.0
circullum,2,4.700,94.0
jaskaran,2,4.700,94.0
corona,2,4.900,98.0
graphic,2,4.900,98.0
deepali,2,4.900,98.0
machineries,3,4.800,96.0
awaiting,2,4.700,94.0
adorable,2,4.700,94.0
priyanshu,9,4.689,93.8
dnyaneshwar,2,4.400,88.0
provisions,6,4.500,90.0
turbo,4,4.700,94.0
discovery,6,4.700,94.0
devansh,4,4.300,86.0
computation,2,4.500,90.0
technically,8,4.400,88.0
supercomputer,10,4.660,93.2
address,8,4.325,86.5
solely,12,4.483,89.7
boosts,2,4.500,90.0
aditi,6,4.567,91.3
dahi,2,4.800,96.0
indoria,2,4.800,96.0
salads,2,4.800,96.0
manufacture,2,4.800,96.0
fledged,4,4.350,87.0
shifted,8,4.650,93.0
doable,6,3.833,76.7
literati,10,4.400,88.0
ioc,4,4.950,99.0
scopes,4,4.400,88.0
shabdvyu,2,4.400,88.0
invested,2,4.400,88.0
paint,4,4.400,88.0
crux,2,4.400,88.0
determine,2,4.400,88.0
cruise,2,4.400,88.0
devaluing,2,4.400,88.0
ceramic,2,4.400,88.0
bhalotia,2,4.300,86.0
mindset,4,4.550,91.0
release,8,4.600,92.0
satpura,4,4.500,90.0
kids,4,4.550,91.0
sanandh,2,4.500,90.0
net,24,4.667,93.3
kataria,2,4.500,90.0
dakly,2,4.500,90.0
ciriculum,2,4.500,90.0
blasting,2,4.500,90.0
mega,4,4.450,89.0
diploma,39,4.415,88.3
decades,8,4.431,88.6
chichore,2,4.400,88.0
refined,1,4.600,92.0
ex,4,4.638,92.8
roommate,4,3.650,73.0
unprivileged,2,4.400,88.0
impeccably,1,4.600,92.0
abundance,2,4.500,90.0
clinics,4,4.350,87.0
unforeseen,2,4.500,90.0
atishay,2,4.500,90.0
ambient,2,4.500,90.0
eliminates,2,4.500,90.0
naval,38,4.542,90.8
accent,4,4.463,89.2
payable,2,4.900,98.0
gajendra,2,4.900,98.0
powerful,6,4.600,92.0
essay,2,4.900,98.0
goose,2,4.900,98.0
hostle,4,4.500,90.0
negative,5,4.600,92.0
parjapati,2,4.200,84.0
jai,8,4.350,87.0
units,6,4.700,94.0
refurbishment,4,4.900,98.0
gradation,2,4.800,96.0
rehabilitation,2,4.800,96.0
assigning,2,4.800,96.0
overhead,2,4.800,96.0
bootstrap,2,4.800,96.0
walkways,6,4.700,94.0
pipelines,2,4.800,96.0
ii,11,4.400,88.0
popularly,2,4.800,96.0
inaugurated,2,4.800,96.0
gayatri,2,4.800,96.0
transmission,2,4.800,96.0
designates,2,4.800,96.0
underground,4,4.900,98.0
bagul,4,4.550,91.0
powering,2,4.800,96.0
crunch,6,4.567,91.3
facts,2,4.800,96.0
altogether,14,4.568,91.4
chipset,2,4.800,96.0
brutal,4,4.300,86.0
motive,6,4.767,95.3
llc,2,4.800,96.0
affinity,2,4.800,96.0
smartphone,2,4.800,96.0
instant,7,4.829,96.6
quantbox,4,4.750,95.0
fat,2,4.800,96.0
marvel,2,4.800,96.0
spectrometers,2,4.800,96.0
electromechanics,2,4.800,96.0
tubes,2,4.800,96.0
dire,4,4.900,98.0
circuit,12,4.483,89.7
layman,2,4.800,96.0
consequent,2,4.800,96.0
unfortunately,4,4.600,92.0
thinks,6,4.533,90.7
bpl,4,4.800,96.0
asati,2,4.800,96.0
frustrated,6,4.167,83.3
suit,8,4.550,91.0
pakistan,2,4.700,94.0
puppies,2,4.700,94.0
wash,2,4.700,94.0
webinars,2,4.700,94.0
yulu,2,4.700,94.0
ncl,12,4.700,94.0
basins,2,4.700,94.0
djs,2,4.700,94.0
counsellors,4,4.700,94.0
waivers,2,4.700,94.0
rotate,2,4.700,94.0
agree,4,4.350,87.0
cocks,2,4.700,94.0
cheer,2,4.700,94.0
stays,8,4.350,87.0
row,2,4.700,94.0
bunch,13,4.615,92.3
agreed,4,4.500,90.0
bikes,2,4.700,94.0
loan,4,4.700,94.0
primary,6,4.600,92.0
yard,2,4.700,94.0
bunnies,2,4.700,94.0
racquets,2,4.700,94.0
studnets,2,4.700,94.0
memes,4,4.550,91.0
cute,2,4.700,94.0
volunteer,6,4.633,92.7
moodle,4,4.600,92.0
hds,2,4.700,94.0
sukhpreet,2,4.400,88.0
saavn,2,4.400,88.0
navneet,4,4.100,82.0
implications,6,4.700,94.0
floated,10,4.625,92.5
diwakar,2,5.000,100.0
caught,2,5.000,100.0
plagiarism,4,4.750,95.0
katariya,4,4.850,97.0
nitin,10,4.800,96.0
harshdeep,2,4.700,94.0
centered,2,4.600,92.0
rupam,2,4.600,92.0
egoist,2,4.600,92.0
kumawat,2,4.600,92.0
finserv,2,4.600,92.0
acclaimed,4,4.800,96.0
aligned,4,4.500,90.0
virtually,6,4.733,94.7
divisions,2,4.600,92.0
animesh,8,4.625,92.5
jhawar,2,4.600,92.0
deliberately,2,4.600,92.0
handset,2,4.600,92.0
verify,2,4.600,92.0
paikrao,2,4.600,92.0
superfast,10,4.800,96.0
arrangements,11,4.600,92.0
liking,6,4.300,86.0
wa,2,4.000,80.0
discontinued,130,4.497,89.9
involve,8,3.813,76.2
ilter,1,5.000,100.0
limits,5,4.560,91.2
garvit,4,4.450,89.0
imaginable,5,4.920,98.4
dhawan,2,4.700,94.0
promoted,17,4.541,90.8
testimonial,2,4.500,90.0
tension,2,4.500,90.0
mukesh,4,4.750,95.0
guidence,2,4.600,92.0
farely,2,4.700,94.0
teb,2,4.700,94.0
piramel,2,4.700,94.0
oer,2,4.700,94.0
vwry,2,4.700,94.0
mojahid,2,4.900,98.0
mps,2,4.900,98.0
adm,2,4.900,98.0
adv,4,4.650,93.0
pointer,4,4.550,91.0
perhaps,6,4.667,93.3
hussain,4,4.850,97.0
poised,2,4.600,92.0
bioinformatics,8,4.700,94.0
genomics,2,4.600,92.0
mailing,4,4.500,90.0
hauz,43,4.519,90.4
severe,2,4.600,92.0
sda,4,4.700,94.0
khas,43,4.519,90.4
outcomes,6,4.467,89.3
caters,6,4.600,92.0
ivies,2,4.600,92.0
dhanbad,2,4.600,92.0
sheer,6,4.392,87.8
inters,2,4.600,92.0
expenditure,2,4.600,92.0
opts,4,4.650,93.0
isolated,6,4.633,92.7
finances,2,4.600,92.0
jump,6,4.700,94.0
insurance,26,4.615,92.3
javelin,2,4.600,92.0
linked,4,4.500,90.0
entities,2,4.500,90.0
harshwardhan,2,4.500,90.0
police,2,4.900,98.0
guards,4,4.900,98.0
kuldeep,4,4.950,99.0
programmers,2,4.900,98.0
privileges,6,4.333,86.7
email,16,4.463,89.2
yatharth,6,4.567,91.3
awards,8,4.500,90.0
corresponds,4,4.250,85.0
ongoing,15,4.583,91.7
sportech,8,4.425,88.5
supplemented,4,4.400,88.0
specialised,14,4.618,92.4
arora,6,4.200,84.0
aisa,5,4.480,89.6
hugest,8,4.550,91.0
spicy,6,4.700,94.0
bc,4,4.700,94.0
nabard,2,4.800,96.0
gavel,2,4.800,96.0
biryani,2,4.800,96.0
misappropriation,2,4.700,94.0
rail,4,4.650,93.0
caroms,2,4.700,94.0
culturally,4,4.550,91.0
vmock,2,4.700,94.0
receptive,8,4.375,87.5
monument,2,4.700,94.0
gv,2,4.700,94.0
embers,2,4.700,94.0
elect,3,4.733,94.7
ramanakanth,2,4.700,94.0
blackrock,18,4.511,90.2
skyrocketing,2,4.700,94.0
vigilance,2,4.700,94.0
moocs,2,4.400,88.0
speeches,4,4.350,87.0
doiphode,2,4.400,88.0
consultations,2,4.400,88.0
contributing,8,4.300,86.0
welfare,4,4.100,82.0
technician,4,4.050,81.0
artists,8,4.450,89.0
bollywood,2,3.600,72.0
questionable,2,3.600,72.0
subcontinent,2,3.600,72.0
imparting,12,4.233,84.7
fluctuating,4,4.000,80.0
bear,4,4.300,86.0
shrivastava,2,4.100,82.0
unmatchable,4,4.150,83.0
jaidutt,2,4.800,96.0
fulfil,6,4.867,97.3
familiar,14,4.557,91.1
goswami,2,4.800,96.0
weaved,2,4.400,88.0
desirable,2,4.400,88.0
northern,10,4.520,90.4
preach,2,4.400,88.0
prescription,4,4.600,92.0
mills,4,4.650,93.0
openings,6,4.600,92.0
infrasture,4,4.650,93.0
vydya,2,4.500,90.0
chicken,2,4.500,90.0
champions,2,4.500,90.0
koutilya,2,4.500,90.0
imposed,2,4.500,90.0
worldquant,7,4.200,84.0
suchi,2,4.800,96.0
enhancement,4,4.550,91.0
singla,2,4.800,96.0
sayam,2,4.800,96.0
proctor,2,4.600,92.0
interiors,4,4.750,95.0
gable,2,4.600,92.0
recommendations,6,4.533,90.7
overcrowded,6,4.700,94.0
requisite,5,4.600,92.0
ankur,6,4.667,93.3
kapooria,2,4.700,94.0
adjustment,2,4.800,96.0
beginners,6,4.733,94.7
deficiency,3,4.867,97.3
darvesh,3,4.867,97.3
creative,17,4.438,88.8
spoonfeed,2,3.600,72.0
ntpc,8,4.150,83.0
welspun,2,4.400,88.0
rajneesh,4,4.450,89.0
applicability,2,4.600,92.0
strategist,2,4.600,92.0
mithilesh,2,4.800,96.0
plantations,2,4.800,96.0
namsi,2,4.800,96.0
coaxing,2,4.800,96.0
targeted,2,4.800,96.0
elected,12,4.567,91.3
kpit,2,4.800,96.0
abstract,2,4.800,96.0
apt,8,4.675,93.5
chinmay,6,4.867,97.3
vikesh,2,4.500,90.0
siddhaant,2,4.500,90.0
coordination,2,4.500,90.0
priyam,4,4.700,94.0
rohilla,2,4.900,98.0
epidemic,2,4.900,98.0
coronavirus,2,4.900,98.0
deptt,2,4.700,94.0
brightest,8,4.769,95.4
goods,8,4.675,93.5
aashutosh,2,4.700,94.0
intrinsic,2,4.700,94.0
singal,2,4.700,94.0
belongs,4,4.450,89.0
consumer,6,4.733,94.7
competence,2,4.700,94.0
udaan,2,4.600,92.0
loans,4,4.700,94.0
unintentionally,2,4.600,92.0
believed,2,4.600,92.0
uninterested,2,4.600,92.0
modest,6,4.467,89.3
ua,4,4.550,91.0
overseas,13,4.646,92.9
unremarkable,2,4.600,92.0
associated,10,4.660,93.2
periodic,2,4.600,92.0
safest,2,4.600,92.0
inadequate,4,4.300,86.0
buds,2,4.600,92.0
outstation,2,4.600,92.0
charismatic,4,4.800,96.0
demeanor,2,4.600,92.0
collaborate,8,4.650,93.0
specialize,6,4.767,95.3
jnu,4,4.550,91.0
utkarsh,16,4.562,91.2
jpmorgan,18,4.450,89.0
pleasing,2,4.600,92.0
contests,2,4.600,92.0
yg,4,4.400,88.0
goel,8,4.444,88.9
feasts,2,4.500,90.0
tudents,1,5.000,100.0
kshitiz,2,5.000,100.0
cooling,3,4.733,94.7
slowly,8,4.625,92.5
meticulous,2,4.900,98.0
dabur,2,4.900,98.0
atk,2,4.900,98.0
feat,4,4.600,92.0
command,6,4.767,95.3
standardisation,2,4.900,98.0
cohesity,2,4.900,98.0
sodhiya,2,4.900,98.0
purse,4,4.950,99.0
width,2,4.900,98.0
mehra,2,4.900,98.0
stuffs,2,4.900,98.0
narayan,4,4.600,92.0
mh,2,5.000,100.0
drove,2,5.000,100.0
television,11,4.600,92.0
muskan,2,5.000,100.0
topped,2,5.000,100.0
accurate,6,4.667,93.3
himmatsinghka,2,5.000,100.0
piazza,2,5.000,100.0
rv,2,5.000,100.0
rendezous,4,4.550,91.0
rudresh,2,5.000,100.0
akela,2,4.700,94.0
educative,2,4.700,94.0
anirudha,2,4.700,94.0
privileged,2,4.400,88.0
whiteboard,18,4.667,93.3
nachiketa,2,4.400,88.0
assosiates,2,4.600,92.0
hello,6,4.692,93.8
tanmay,2,4.900,98.0
attentive,3,4.933,98.7
dj,12,4.404,88.1
deepansh,2,5.000,100.0
gsoc,2,4.700,94.0
shivalik,6,4.500,90.0
tol,2,4.700,94.0
nilgiri,8,4.625,92.5
himadri,10,4.180,83.6
gumaon,2,4.700,94.0
java,10,4.580,91.6
vidyanchal,2,4.700,94.0
wait,11,4.618,92.4
sweets,6,4.600,92.0
rocks,4,4.700,94.0
risk,7,4.457,89.1
dmrc,2,4.500,90.0
desh,2,4.500,90.0
nanotechnology,6,4.667,93.3
soil,7,4.657,93.1
sprawling,8,4.650,93.0
abhee,2,4.500,90.0
hydrology,2,4.500,90.0
lays,2,4.500,90.0
aws,2,4.500,90.0
atkins,2,4.500,90.0
bev,2,4.400,88.0
simplex,2,4.400,88.0
sapient,4,4.350,87.0
publicizes,4,4.263,85.2
operational,6,4.633,92.7
kolte,2,4.400,88.0
storey,8,4.550,91.0
afcons,2,4.400,88.0
siddharth,4,4.362,87.2
intercollege,2,4.100,82.0
industrialist,2,4.100,82.0
bandwidth,2,4.100,82.0
sporttech,4,4.200,84.0
roots,2,4.100,82.0
nagore,2,4.300,86.0
iconic,2,4.300,86.0
pn,4,4.550,91.0
wind,31,4.548,91.0
inboard,2,4.300,86.0
tunnel,29,4.552,91.0
paresh,2,4.300,86.0
princeton,2,3.800,76.0
september,2,3.800,76.0
caltech,2,3.800,76.0
switching,4,4.050,81.0
renovations,4,4.500,90.0
supervising,2,4.400,88.0
yc,2,4.300,86.0
coolers,16,4.450,89.0
chandrawat,2,4.300,86.0
conveniently,4,4.450,89.0
treates,2,4.300,86.0
yogeshwari,2,4.300,86.0
waters,2,4.300,86.0
handles,4,4.400,88.0
reflects,4,4.600,92.0
promote,13,4.662,93.2
jpmc,15,4.413,88.3
kerney,1,5.000,100.0
awaited,1,5.000,100.0
lifetime,10,4.620,92.4
excluding,7,4.457,89.1
amar,2,5.000,100.0
impart,16,4.603,92.1
identify,6,4.475,89.5
dudi,2,4.900,98.0
cogent,2,4.900,98.0
bolton,2,4.800,96.0
liberec,2,4.800,96.0
rakesh,10,4.820,96.4
gpa,9,4.444,88.9
textiles,4,4.550,91.0
futuristic,4,4.750,95.0
pro,9,4.550,91.0
mislead,2,4.700,94.0
poetry,2,4.700,94.0
initial,14,4.400,88.0
holiday,2,4.700,94.0
artefact,2,4.700,94.0
fame,2,4.700,94.0
delivers,2,4.700,94.0
glamour,2,4.700,94.0
calculate,2,4.700,94.0
boost,2,4.700,94.0
amazingly,2,4.800,96.0
storeyed,6,4.400,88.0
ashhar,2,4.800,96.0
mirza,2,4.800,96.0
california,2,4.600,92.0
estimations,2,4.600,92.0
reveal,2,4.600,92.0
slideshows,2,4.600,92.0
versa,4,4.300,86.0
bm,2,4.700,94.0
brajmohan,2,4.700,94.0
autonomous,4,4.250,85.0
gp,2,4.300,86.0
govind,2,4.300,86.0
purohit,2,4.300,86.0
argue,2,4.200,84.0
forthcoming,2,4.200,84.0
exaggeration,2,4.200,84.0
aggressively,2,4.200,84.0
unreasonable,2,4.200,84.0
barring,2,4.200,84.0
surface,2,4.200,84.0
meanwhile,4,4.350,87.0
attenuates,2,4.200,84.0
flaw,2,4.200,84.0
utterly,2,4.200,84.0
designation,2,4.200,84.0
rendevous,3,4.267,85.3
shortly,6,4.033,80.7
scratching,2,4.200,84.0
create,10,4.500,90.0
studious,4,4.400,88.0
ka,12,4.600,92.0
navdeep,4,4.500,90.0
allocated,11,4.455,89.1
float,2,4.700,94.0
inclusion,4,4.650,93.0
selective,6,4.667,93.3
expanded,2,4.700,94.0
seasoned,2,4.700,94.0
kanishak,2,5.000,100.0
cluttered,2,4.000,80.0
rat,2,4.000,80.0
race,6,4.500,90.0
instances,4,4.450,89.0
insensitive,2,4.000,80.0
keeping,18,4.422,88.4
nightlife,7,4.257,85.1
outing,6,4.367,87.3
wander,2,4.000,80.0
hangout,12,4.517,90.3
hkv,2,3.800,76.0
muktesh,2,3.800,76.0
village,14,4.286,85.7
players,6,4.133,82.7
korea,15,4.650,93.0
complies,2,4.500,90.0
noida,2,4.500,90.0
white,2,4.500,90.0
donor,8,4.300,86.0
colder,2,4.500,90.0
constituting,2,4.500,90.0
niit,1,3.800,76.0
saikumar,4,3.850,77.0
onto,2,4.200,84.0
curiosity,6,4.567,91.3
saptagiri,4,4.200,84.0
era,10,4.245,84.9
becon,8,4.100,82.0
citadel,4,4.350,87.0
foundational,18,4.444,88.9
dronagiri,2,4.200,84.0
alphabrep,2,4.200,84.0
eighty,2,3.800,76.0
milan,2,3.800,76.0
singhi,2,3.800,76.0
seventy,5,4.280,85.6
circuits,10,4.460,89.2
kid,2,3.500,70.0
motherboards,2,3.500,70.0
heaters,2,3.500,70.0
jangir,2,3.500,70.0
karunesh,2,4.100,82.0
witness,2,4.100,82.0
menace,2,4.100,82.0
wakes,2,4.100,82.0
incredibly,4,4.362,87.2
upat,2,4.100,82.0
berkshire,2,4.200,84.0
peek,2,4.200,84.0
hathaway,2,4.200,84.0
davinci,2,4.200,84.0
worn,4,3.700,74.0
taps,2,3.600,72.0
samridhi,2,3.800,76.0
rely,8,4.475,89.5
hardcopy,2,3.800,76.0
softcopy,2,3.800,76.0
schedules,4,4.088,81.8
objectives,4,4.650,93.0
tanish,6,4.400,88.0
timetable,6,4.533,90.7
ah,2,4.500,90.0
stressed,2,4.500,90.0
deciding,4,4.700,94.0
detect,2,4.500,90.0
tool,4,4.400,88.0
leased,2,4.500,90.0
turnitin,2,4.500,90.0
suspended,2,4.500,90.0
eleven,4,4.550,91.0
detection,2,4.500,90.0
moss,2,4.500,90.0
infotech,2,4.200,84.0
spreads,8,4.700,94.0
reached,12,4.429,88.6
positivity,2,4.200,84.0
mirror,4,4.200,84.0
burdensome,2,4.600,92.0
bhoomika,2,4.600,92.0
fancy,4,4.650,93.0
shiksha,16,4.241,84.8
grocery,6,4.233,84.7
mahawar,2,3.700,74.0
rajnesh,2,3.700,74.0
relevancy,2,4.200,84.0
bhanu,2,4.200,84.0
inefficient,2,4.200,84.0
seeking,7,4.429,88.6
fragile,2,3.900,78.0
aarti,2,3.700,74.0
opinions,6,4.367,87.3
neha,2,4.000,80.0
gpt,10,4.225,84.5
standford,2,4.300,86.0
tarun,17,4.562,91.2
nescafe,11,4.436,88.7
sonepat,2,4.300,86.0
ty,3,4.733,94.7
files,4,4.650,93.0
ln,2,4.300,86.0
pdf,4,4.450,89.0
shirucafe,2,4.300,86.0
nitish,8,4.550,91.0
nr,4,4.500,90.0
handsome,8,4.375,87.5
litarti,2,4.600,92.0
operate,10,4.620,92.4
jat,2,4.600,92.0
therm,2,4.600,92.0
october,18,4.500,90.0
rendveous,2,4.600,92.0
tinniest,2,4.600,92.0
cafeterias,4,4.400,88.0
currics,2,4.400,88.0
academia,8,4.275,85.5
paychecks,4,4.550,91.0
pahuja,4,4.700,94.0
coated,2,4.500,90.0
mangal,2,4.500,90.0
congestion,2,4.500,90.0
du,6,4.500,90.0
wood,4,4.500,90.0
ay,4,4.500,90.0
groundsmen,2,4.400,88.0
harry,2,4.200,84.0
sehrawat,2,4.200,84.0
modes,6,4.208,84.2
granted,4,4.400,88.0
illustrated,2,4.200,84.0
dreamers,4,4.250,85.0
aided,4,4.250,85.0
bayne,2,4.200,84.0
rohan,8,4.406,88.1
tomar,2,4.400,88.0
jb,2,4.400,88.0
jeetendra,2,4.400,88.0
east,8,4.325,86.5
answerable,2,4.300,86.0
bohemian,2,4.300,86.0
resulted,6,4.500,90.0
na,8,4.350,87.0
requisition,2,4.300,86.0
vigorous,4,4.500,90.0
getaway,2,4.300,86.0
nishchal,2,4.300,86.0
desperate,2,4.100,82.0
possibly,8,4.600,92.0
clinic,8,4.456,89.1
segment,4,4.400,88.0
opposite,8,3.775,75.5
blessed,6,4.600,92.0
target,7,4.286,85.7
seconds,4,4.550,91.0
monotonously,2,4.100,82.0
tj,4,4.250,85.0
downside,2,4.100,82.0
saturday,8,4.400,88.0
blind,2,4.100,82.0
performers,8,4.538,90.8
digit,4,4.550,91.0
actress,2,4.100,82.0
mr,4,4.150,83.0
greener,2,4.100,82.0
ranka,2,4.100,82.0
usefulness,2,4.100,82.0
somebody,4,4.112,82.2
comment,10,4.100,82.0
substantially,2,4.200,84.0
ims,2,4.200,84.0
redmund,2,4.200,84.0
sharpest,2,4.200,84.0
rivigo,2,4.200,84.0
unplanned,2,4.200,84.0
architecture,31,4.652,93.0
irani,2,4.200,84.0
untold,2,4.200,84.0
scorching,2,4.200,84.0
inauguration,6,4.600,92.0
whig,2,4.200,84.0
undergoing,2,4.200,84.0
estee,2,4.200,84.0
hyped,2,4.200,84.0
smriti,4,4.050,81.0
slots,2,4.600,92.0
moin,2,4.600,92.0
punctuality,4,4.750,95.0
confident,4,4.300,86.0
eaten,2,4.600,92.0
dc,6,4.233,84.7
friendship,4,4.600,92.0
maniacs,2,4.600,92.0
gulam,4,4.800,96.0
hover,2,4.700,94.0
parikshit,4,4.750,95.0
lowered,2,4.700,94.0
arm,2,4.700,94.0
nearing,2,4.700,94.0
significantly,6,4.500,90.0
pp,6,4.567,91.3
induction,4,4.850,97.0
incentives,2,4.700,94.0
stic,2,4.700,94.0
doling,2,4.700,94.0
dispensary,2,4.100,82.0
indus,4,4.500,90.0
ensured,6,4.567,91.3
mg,12,4.567,91.3
relief,2,4.100,82.0
malti,2,4.100,82.0
sperenza,2,4.100,82.0
quizes,4,4.050,81.0
psychology,4,4.300,86.0
literature,19,4.632,92.6
consume,2,4.100,82.0
ignore,2,4.200,84.0
jagatpreet,2,4.200,84.0
js,4,4.350,87.0
patient,4,4.350,87.0
owned,4,4.350,87.0
volkswagen,2,4.200,84.0
instance,10,4.540,90.8
accept,6,4.500,90.0
edc,4,4.650,93.0
coordinate,6,4.767,95.3
ia,4,4.150,83.0
demonetisation,2,4.600,92.0
halt,3,4.467,89.3
gift,2,4.600,92.0
quallcom,2,4.600,92.0
fly,2,4.600,92.0
tasks,10,4.480,89.6
pens,4,4.550,91.0
nourishment,2,4.600,92.0
groom,4,4.550,91.0
azad,2,4.600,92.0
appointments,2,4.600,92.0
hindering,1,4.600,92.0
bengaluru,2,4.600,92.0
wings,4,4.700,94.0
inamul,2,4.600,92.0
feedbacks,2,4.600,92.0
contemporary,2,4.800,96.0
winners,4,4.500,90.0
coveted,4,4.800,96.0
aaip,2,5.000,100.0
unsatisfactory,2,5.000,100.0
bsw,6,4.900,98.0
contrary,6,4.367,87.3
cvl,2,5.000,100.0
bbl,2,5.000,100.0
distinctive,2,5.000,100.0
khetan,2,5.000,100.0
bloodconnect,2,5.000,100.0
glaxosmithkline,2,5.000,100.0
assist,16,4.825,96.5
estimated,2,5.000,100.0
enthralled,2,5.000,100.0
reservation,4,4.650,93.0
professions,4,4.562,91.2
surpassing,2,5.000,100.0
effect,4,4.750,95.0
useless,12,4.567,91.3
propose,2,4.600,92.0
ultrafast,2,4.600,92.0
rr,10,4.545,90.9
plug,4,4.550,91.0
patients,7,4.571,91.4
defects,4,4.700,94.0
satyarthi,2,4.500,90.0
monitors,2,4.500,90.0
destinations,2,4.500,90.0
commutation,2,4.500,90.0
fixed,10,4.660,93.2
blink,2,4.500,90.0
endeavours,2,4.500,90.0
jaipuria,2,4.500,90.0
pandora,2,4.500,90.0
khalid,2,4.500,90.0
sensible,4,4.600,92.0
housing,7,4.686,93.7
catch,4,4.500,90.0
olacabs,2,4.500,90.0
relate,11,4.327,86.5
cabin,2,4.500,90.0
abdul,2,4.500,90.0
colleagues,2,4.500,90.0
midnight,28,4.414,88.3
lipton,11,4.291,85.8
reluctant,4,4.562,91.2
faulty,2,4.800,96.0
hate,2,4.800,96.0
replacements,2,4.800,96.0
retiring,2,4.800,96.0
pieces,6,4.800,96.0
actor,2,4.800,96.0
signed,2,4.800,96.0
graphics,4,4.400,88.0
posting,4,4.700,94.0
dissatisfaction,2,4.800,96.0
bought,6,4.500,90.0
servant,2,4.800,96.0
collapse,2,4.000,80.0
wanting,4,4.500,90.0
disinterested,2,4.000,80.0
sv,2,4.000,80.0
economy,4,4.250,85.0
meaningful,4,4.150,83.0
potus,2,4.000,80.0
saravan,2,4.000,80.0
lying,2,4.000,80.0
prevailing,2,4.000,80.0
venketaraman,2,4.000,80.0
brutally,2,4.000,80.0
verge,2,4.000,80.0
bland,4,3.900,78.0
publish,8,4.269,85.4
sex,6,4.267,85.3
traits,2,4.100,82.0
intolerable,4,4.050,81.0
frankly,2,4.100,82.0
stuffed,4,4.050,81.0
bonkers,2,4.100,82.0
penalty,2,4.100,82.0
truckloads,4,4.050,81.0
curfew,7,4.257,85.1
terribly,4,4.050,81.0
insti,8,4.475,89.5
claim,4,4.050,81.0
partners,4,4.050,81.0
highspeed,4,4.450,89.0
ttendance,2,4.100,82.0
soham,2,4.100,82.0
shut,6,3.967,79.3
ideally,2,4.700,94.0
heightened,2,4.700,94.0
flashback,2,4.700,94.0
existed,2,4.700,94.0
ordinary,2,4.700,94.0
stocks,2,4.700,94.0
realises,2,4.700,94.0
stretched,2,4.700,94.0
factoring,2,4.700,94.0
housed,4,4.537,90.8
reflect,2,4.700,94.0
mandated,2,4.700,94.0
bonus,6,4.733,94.7
employees,12,4.600,92.0
ratnam,2,4.400,88.0
ravish,2,4.400,88.0
spark,2,4.400,88.0
excite,2,4.600,92.0
hovers,2,4.600,92.0
breakthrough,2,4.400,88.0
components,9,4.667,93.3
varsha,2,4.400,88.0
emphasises,2,4.400,88.0
prospect,2,4.400,88.0
ethics,8,4.525,90.5
proxy,5,4.720,94.4
funded,12,4.517,90.3
seshadri,2,4.400,88.0
poses,2,4.100,82.0
vc,4,4.400,88.0
vidushi,2,4.100,82.0
changulani,2,4.100,82.0
implication,2,4.100,82.0
permissions,2,4.600,92.0
nonsense,2,4.600,92.0
dhaba,2,4.600,92.0
worthwhile,2,4.600,92.0
allowance,2,4.600,92.0
exhaustive,6,4.700,94.0
aggressive,2,4.600,92.0
pitches,8,4.575,91.5
averaging,6,4.400,88.0
dhawal,2,4.600,92.0
dip,2,4.600,92.0
checkup,7,4.571,91.4
confusing,2,4.300,86.0
suthar,4,4.450,89.0
eager,6,4.667,93.3
scifinder,2,4.300,86.0
destroy,2,4.300,86.0
camaraderie,2,3.800,76.0
belt,1,3.800,76.0
stomach,3,3.867,77.3
highlighter,1,3.800,76.0
pleased,4,4.350,87.0
offense,2,3.800,76.0
financing,4,4.050,81.0
contracts,2,4.400,88.0
fdi,2,4.400,88.0
anymore,4,4.700,94.0
bumper,2,4.400,88.0
cash,4,4.350,87.0
heed,2,4.400,88.0
bidgley,2,4.800,96.0
arijit,2,4.800,96.0
ehsaan,2,4.800,96.0
contribution,8,4.550,91.0
plazas,2,4.700,94.0
experimented,2,4.700,94.0
upgrade,6,4.600,92.0
effectiveness,4,4.550,91.0
semi,4,4.600,92.0
hotspot,4,4.500,90.0
visibility,3,4.533,90.7
politics,6,4.700,94.0
buzz,2,4.600,92.0
slow,24,4.475,89.5
flavour,2,4.600,92.0
capability,4,4.750,95.0
cliched,2,4.500,90.0
ray,10,4.100,82.0
scans,2,4.500,90.0
shrewd,2,4.500,90.0
interface,4,4.700,94.0
vishesh,4,4.550,91.0
danced,2,4.400,88.0
bicycle,2,4.400,88.0
locality,2,4.400,88.0
bats,2,4.400,88.0
scs,2,4.700,94.0
reader,2,4.700,94.0
compatible,4,4.850,97.0
tbk,2,4.700,94.0
enterprises,2,4.700,94.0
amex,6,4.400,88.0
upliftment,2,4.700,94.0
pathway,2,4.700,94.0
adjusting,2,4.700,94.0
delay,2,4.700,94.0
tricks,4,4.850,97.0
principle,2,4.700,94.0
astronomy,10,4.680,93.6
ward,2,4.400,88.0
stops,2,4.400,88.0
lightly,4,4.200,84.0
devastating,2,4.400,88.0
ncr,8,3.981,79.6
word,10,4.660,93.2
lands,2,4.400,88.0
weekdays,12,4.667,93.3
turns,4,4.550,91.0
singe,2,4.400,88.0
appreciated,4,4.350,87.0
motivates,4,4.550,91.0
bidgely,2,4.400,88.0
tightly,2,4.400,88.0
bucks,14,4.714,94.3
algorithmic,6,4.467,89.3
seeks,2,4.400,88.0
capitol,2,4.400,88.0
marvellous,8,4.775,95.5
cambridge,4,4.550,91.0
scanner,2,4.400,88.0
touches,4,4.550,91.0
technocracy,2,4.400,88.0
fin,2,4.300,86.0
skipped,2,4.300,86.0
oral,2,4.300,86.0
manika,4,4.213,84.2
mn,4,4.600,92.0
demonstrations,4,4.500,90.0
voluntarily,2,4.300,86.0
narula,2,4.300,86.0
positives,2,4.200,84.0
punishment,2,4.200,84.0
abhimanyu,4,4.537,90.8
respects,4,4.400,88.0
deviations,2,4.200,84.0
equality,2,4.200,84.0
formative,2,4.200,84.0
boosted,2,4.200,84.0
balyan,2,4.200,84.0
spreading,2,4.200,84.0
liberal,2,4.200,84.0
wisdom,2,4.200,84.0
downloading,6,4.500,90.0
gender,6,4.133,82.7
negatives,2,4.200,84.0
easiest,5,4.400,88.0
simultaneous,2,4.200,84.0
reflecting,4,4.350,87.0
trivial,2,4.200,84.0
nicer,2,4.200,84.0
abysmal,2,4.200,84.0
hassles,2,4.200,84.0
stalls,6,4.633,92.7
citi,4,4.300,86.0
diesel,2,4.100,82.0
locomotive,2,4.100,82.0
independently,2,4.100,82.0
tablets,6,4.600,92.0
suryakant,2,4.100,82.0
southy,3,4.133,82.7
mitul,2,4.600,92.0
capable,14,4.489,89.8
earliest,6,4.800,96.0
shapes,2,4.800,96.0
gk,2,4.900,98.0
kaushal,6,4.558,91.2
component,6,4.533,90.7
stupendous,2,4.800,96.0
smallest,7,4.686,93.7
amaze,2,4.800,96.0
ceases,2,4.800,96.0
congratulations,1,4.600,92.0
apurv,2,5.000,100.0
malik,4,4.650,93.0
chilling,2,5.000,100.0
evenings,2,5.000,100.0
mush,2,5.000,100.0
relating,4,4.900,98.0
kunj,4,4.800,96.0
ambiance,4,4.750,95.0
saket,4,4.550,91.0
bars,4,4.750,95.0
hood,2,4.800,96.0
vasant,2,4.800,96.0
radius,2,4.800,96.0
theaters,2,4.800,96.0
mall,7,4.657,93.1
geysers,6,4.383,87.7
broadly,4,4.800,96.0
dth,2,4.800,96.0
showers,4,4.200,84.0
karnawat,2,4.800,96.0
unbearable,2,4.800,96.0
udaypreet,2,4.300,86.0
hoped,2,4.300,86.0
fierce,4,4.300,86.0
prestige,2,4.400,88.0
societal,2,4.400,88.0
pr,2,4.100,82.0
moments,2,4.100,82.0
seeker,2,4.100,82.0
failures,2,4.100,82.0
blending,2,4.100,82.0
produce,2,4.100,82.0
determined,4,4.300,86.0
priya,6,4.300,86.0
advise,6,4.300,86.0
depressed,3,4.133,82.7
fuel,2,4.100,82.0
devoted,4,4.450,89.0
appreciating,2,4.100,82.0
gasoline,2,4.100,82.0
biomass,2,4.100,82.0
tithe,2,4.100,82.0
promise,2,4.100,82.0
creator,2,4.100,82.0
fermentation,2,4.100,82.0
ethanol,2,4.100,82.0
fulfilling,8,4.075,81.5
upgradation,2,4.800,96.0
pl,2,4.300,86.0
lata,4,4.650,93.0
preeti,2,4.300,86.0
herself,6,4.700,94.0
learns,4,4.500,90.0
latter,4,4.300,86.0
comparing,6,4.217,84.3
honed,2,4.300,86.0
domestically,2,4.300,86.0
notion,2,4.700,94.0
yeah,14,4.586,91.7
depressing,4,4.800,96.0
pubs,2,4.700,94.0
raghuvansh,2,4.800,96.0
description,8,4.650,93.0
atmospheric,2,4.000,80.0
pushes,2,4.100,82.0
sofat,2,4.100,82.0
differently,6,4.433,88.7
innovator,2,4.100,82.0
grown,6,4.492,89.8
karanvir,2,4.100,82.0
adult,2,4.100,82.0
instilled,2,5.000,100.0
overcome,2,5.000,100.0
thorough,6,4.733,94.7
passions,4,4.400,88.0
farhan,8,4.694,93.9
desires,2,4.600,92.0
generating,2,4.600,92.0
fa,4,4.550,91.0
proves,6,4.733,94.7
hpmc,1,4.200,84.0
confined,1,4.200,84.0
disco,1,4.200,84.0
screws,1,4.200,84.0
outskirts,12,4.404,88.1
dembla,2,4.200,84.0
dawn,1,4.200,84.0
freak,1,4.200,84.0
minaal,2,4.200,84.0
crashes,2,4.700,94.0
original,2,4.700,94.0
autocad,2,4.700,94.0
usable,4,4.850,97.0
agricultural,8,4.500,90.0
medal,2,4.300,86.0
veterinary,2,4.300,86.0
frontier,2,4.300,86.0
fellowship,6,4.500,90.0
applicant,2,4.300,86.0
iyba,2,4.300,86.0
biotechnologist,2,4.300,86.0
gold,9,4.511,90.2
citation,2,4.300,86.0
invented,4,4.550,91.0
deepanshu,6,4.858,97.2
dy,2,5.000,100.0
surprised,4,4.562,91.2
ending,4,4.750,95.0
intent,4,4.600,92.0
overcrowding,2,4.500,90.0
ban,2,4.500,90.0
malay,2,4.500,90.0
dhayal,4,4.250,85.0
volvo,4,4.500,90.0
niteesh,2,4.000,80.0
sengar,2,4.300,86.0
spectra,2,4.600,92.0
fifth,3,4.867,97.3
inception,2,4.800,96.0
shrawan,2,4.800,96.0
convocation,2,4.800,96.0
weaker,8,4.500,90.0
concentrated,4,4.600,92.0
chachan,2,4.500,90.0
elaborate,6,4.767,95.3
solanki,2,4.300,86.0
apekshit,2,4.300,86.0
debatable,2,4.300,86.0
offbeat,2,4.300,86.0
extended,10,4.520,90.4
letdown,2,4.300,86.0
chhavi,2,4.300,86.0
portals,4,4.700,94.0
instilling,2,4.800,96.0
ohm,2,4.800,96.0
o,14,4.500,90.0
ents,4,4.950,99.0
perceived,1,5.000,100.0
introduce,9,4.533,90.7
foot,5,4.440,88.8
mahendra,2,4.800,96.0
embedded,8,4.475,89.5
rural,4,4.550,91.0
crdt,2,4.600,92.0
assurance,2,4.600,92.0
agriculture,2,4.600,92.0
sahagal,2,4.600,92.0
tribology,2,4.600,92.0
bioformulations,2,4.600,92.0
dixit,4,4.550,91.0
mujhe,2,4.500,90.0
offerings,2,4.500,90.0
cantin,2,4.500,90.0
malum,2,4.500,90.0
bowler,2,4.500,90.0
radhe,2,4.500,90.0
nhi,2,4.500,90.0
mine,8,4.800,96.0
unpredictable,6,4.533,90.7
bhavya,2,4.300,86.0
mannu,2,4.300,86.0
inclusive,6,4.467,89.3
township,2,4.300,86.0
institutional,2,4.300,86.0
logistical,2,4.300,86.0
mahabaar,2,4.200,84.0
studio,4,4.100,82.0
hardwork,10,4.540,90.8
streamerli,2,4.200,84.0
intercept,2,4.200,84.0
caf,2,4.500,90.0
qutub,2,4.500,90.0
purviews,2,4.500,90.0
wickets,2,4.500,90.0
lotus,2,4.500,90.0
minar,2,4.500,90.0
priyesh,2,4.500,90.0
emerge,2,4.500,90.0
enrolling,4,4.500,90.0
furthermore,4,4.750,95.0
iift,2,4.500,90.0
millionthere,2,4.300,86.0
respectfully,4,4.650,93.0
courseethe,2,4.300,86.0
chhugani,2,3.800,76.0
ninty,2,3.900,78.0
prevalent,2,3.600,72.0
overhyped,4,3.050,61.0
moods,2,3.600,72.0
suggesting,2,3.600,72.0
encounter,6,4.100,82.0
readiness,4,4.400,88.0
enphase,4,4.500,90.0
praxis,2,4.200,84.0
alliance,2,4.200,84.0
maang,2,4.900,98.0
kavya,2,4.900,98.0
stall,2,4.500,90.0
adapt,2,4.500,90.0
asking,8,4.375,87.5
yeh,2,4.500,90.0
bla,2,4.500,90.0
momos,2,4.500,90.0
serving,11,4.491,89.8
developments,12,4.550,91.0
priyansh,6,4.533,90.7
alumini,2,4.600,92.0
commited,1,4.800,96.0
film,7,4.371,87.4
combines,1,4.800,96.0
oppurtunities,1,4.800,96.0
nightmare,4,4.650,93.0
boast,6,4.800,96.0
relatvely,1,4.800,96.0
intership,1,4.800,96.0
ayodhya,2,4.700,94.0
relavant,3,4.667,93.3
reasearch,3,4.400,88.0
horror,2,4.700,94.0
unofficially,2,4.700,94.0
carrer,3,4.267,85.3
automotive,28,4.629,92.6
validations,2,4.600,92.0
comprehensiveness,2,4.600,92.0
qualifying,4,4.550,91.0
dontknow,2,4.300,86.0
ya,6,4.200,84.0
awesowe,2,4.300,86.0
badge,2,4.500,90.0
rathlavath,2,4.500,90.0
ravikanth,2,4.500,90.0
religion,2,4.500,90.0
batting,2,4.500,90.0
interconnected,2,5.000,100.0
communications,4,4.350,87.0
publicly,4,4.400,88.0
advancements,6,4.500,90.0
forefront,2,4.300,86.0
notable,10,4.525,90.5
showcases,2,4.300,86.0
dsp,6,4.367,87.3
imposes,2,4.300,86.0
foster,6,4.575,91.5
sacrifices,2,4.600,92.0
ashok,10,4.560,91.2
sangma,2,4.200,84.0
employed,8,4.456,89.1
definetily,2,4.200,84.0
amm,2,4.200,84.0
leyland,8,4.475,89.5
howevee,2,4.200,84.0
truest,2,4.200,84.0
faster,10,4.440,88.8
deleviry,2,4.200,84.0
knowlede,2,4.200,84.0
compa,2,4.200,84.0
imply,2,4.200,84.0
padhi,2,4.000,80.0
multitalented,2,4.000,80.0
bhabani,2,4.000,80.0
vedwal,2,4.700,94.0
gainer,2,4.400,88.0
logisti,2,4.400,88.0
sarai,4,4.550,91.0
micromax,3,4.600,92.0
greenleap,2,4.400,88.0
tha,4,4.450,89.0
refrigeration,2,4.400,88.0
generator,6,4.567,91.3
libraray,2,4.400,88.0
jia,4,4.550,91.0
allen,8,4.475,89.5
facillities,2,4.400,88.0
turbines,2,4.400,88.0
katwaraia,2,4.400,88.0
efficiency,6,4.300,86.0
sarojini,2,4.400,88.0
motor,4,4.500,90.0
ropes,2,4.400,88.0
beca,2,4.400,88.0
iitdelhi,2,4.400,88.0
wispro,2,4.400,88.0
toshida,2,5.000,100.0
normel,2,5.000,100.0
cici,2,5.000,100.0
camera,2,5.000,100.0
injured,4,4.950,99.0
revise,4,4.700,94.0
cosmopolitan,4,5.000,100.0
nalanda,4,4.650,93.0
tripathi,4,5.000,100.0
rigorously,4,4.850,97.0
fluent,6,4.900,98.0
fifths,2,5.000,100.0
lenovo,5,5.000,100.0
simran,2,5.000,100.0
sacchar,2,5.000,100.0
attempt,2,4.900,98.0
politily,2,4.900,98.0
damn,2,4.900,98.0
facultues,2,4.900,98.0
comportble,2,4.900,98.0
veey,2,4.900,98.0
thr,3,4.800,96.0
thay,2,5.000,100.0
beacuse,2,5.000,100.0
silent,8,4.400,88.0
manpower,2,4.800,96.0
thermax,2,4.800,96.0
stopped,2,4.700,94.0
anshu,4,4.662,93.2
hasn,6,4.367,87.3
engines,6,4.433,88.7
rythm,2,4.900,98.0
brought,2,4.500,90.0
represent,6,4.533,90.7
murthy,2,4.500,90.0
sameti,4,4.250,85.0
counseling,10,4.460,89.2
comfortably,10,4.200,84.0
alternate,6,4.367,87.3
ford,4,4.500,90.0
penultimate,4,4.400,88.0
environments,2,4.500,90.0
agam,2,4.700,94.0
trophies,2,4.700,94.0
bindra,2,4.700,94.0
shanu,2,4.900,98.0
politely,4,4.950,99.0
thakur,2,4.900,98.0
convince,2,4.900,98.0
fights,2,4.800,96.0
execute,2,3.800,76.0
mathematicians,2,4.000,80.0
shahare,2,4.000,80.0
cuisine,14,4.771,95.4
sibasish,2,4.100,82.0
competent,5,4.490,89.8
jimmy,2,4.100,82.0
dirtiness,1,5.000,100.0
coast,2,4.100,82.0
fintech,4,4.100,82.0
advisers,2,3.900,78.0
matre,2,3.900,78.0
humanity,10,4.400,88.0
vineet,2,4.600,92.0
rendenzo,2,4.600,92.0
sleeping,10,4.125,82.5
beauties,2,4.600,92.0
dubey,8,4.750,95.0
attaching,2,4.600,92.0
saransh,4,4.800,96.0
protocored,2,4.400,88.0
rashmi,4,4.200,84.0
blueberry,2,4.400,88.0
unmanageable,2,4.400,88.0
gurkanwal,2,4.800,96.0
dig,2,4.800,96.0
builds,6,4.800,96.0
disturbing,2,3.900,78.0
submitting,2,3.900,78.0
dhananjay,4,4.550,91.0
stages,10,4.400,88.0
pin,2,4.100,82.0
cycling,5,4.800,96.0
earning,2,4.800,96.0
produces,4,4.800,96.0
picnics,2,4.300,86.0
understands,2,4.300,86.0
wardens,6,4.467,89.3
brothers,2,3.800,76.0
rain,2,3.800,76.0
roof,4,4.300,86.0
sank,2,3.800,76.0
siblings,2,3.800,76.0
contacting,9,4.467,89.3
sreeraj,2,4.400,88.0
nibin,2,4.500,90.0
formally,2,4.500,90.0
dhir,4,4.487,89.8
pritam,2,4.100,82.0
amway,4,4.487,89.8
ladi,2,4.100,82.0
tushar,6,4.267,85.3
duggal,2,3.700,74.0
bhagat,2,4.200,84.0
millionaire,2,4.200,84.0
destiny,2,4.200,84.0
ao,2,4.800,96.0
seniirs,2,4.800,96.0
kishan,2,4.800,96.0
exercise,4,4.550,91.0
sahab,2,4.600,92.0
shamsi,2,4.600,92.0
lazy,3,4.467,89.3
kshitij,9,4.333,86.7
cgi,2,4.400,88.0
refinery,2,4.400,88.0
android,2,4.200,84.0
nikky,2,4.200,84.0
emergencies,8,4.737,94.8
polluted,4,4.900,98.0
hacking,2,4.800,96.0
indora,2,5.000,100.0
hitesh,4,4.700,94.0
speak,4,4.600,92.0
ordinance,2,4.900,98.0
degrade,2,4.300,86.0
dare,2,4.300,86.0
relatable,4,4.400,88.0
yatish,2,4.300,86.0
ym,2,4.300,86.0
masks,2,4.000,80.0
shine,5,4.400,88.0
sollazhagan,2,4.000,80.0
nataraj,2,4.000,80.0
filtering,2,4.000,80.0
jr,2,4.300,86.0
gentleman,2,4.300,86.0
karn,2,4.300,86.0
lorna,2,4.300,86.0
praised,2,4.300,86.0
kj,6,4.633,92.7
toronto,2,4.300,86.0
eminence,2,4.300,86.0
loaded,2,4.300,86.0
doorway,2,4.700,94.0
buddies,2,4.600,92.0
generals,2,4.500,90.0
mayur,4,4.650,93.0
determining,2,4.500,90.0
union,3,4.667,93.3
surana,4,4.600,92.0
raymond,6,4.500,90.0
siyaram,2,4.500,90.0
zoned,2,4.900,98.0
kl,2,4.900,98.0
lalwani,2,4.900,98.0
santosh,2,4.900,98.0
roma,2,4.900,98.0
divyansh,8,4.481,89.6
techofest,2,4.900,98.0
misra,2,4.500,90.0
landed,4,4.550,91.0
vindhyachal,2,4.500,90.0
ecas,2,4.500,90.0
yugal,2,4.500,90.0
centscapital,2,4.500,90.0
dating,1,4.600,92.0
ered,1,4.600,92.0
babasaheb,1,4.600,92.0
apl,4,4.100,82.0
swapnil,2,4.500,90.0
unannounced,6,4.600,92.0
khasiya,2,4.500,90.0
forces,2,4.300,86.0
southern,4,4.450,89.0
appreciate,8,4.456,89.1
vibhinna,2,4.300,86.0
cosmicon,2,4.300,86.0
improvisations,2,4.300,86.0
anyway,4,4.500,90.0
sakshi,2,4.300,86.0
padir,2,4.300,86.0
asks,2,3.900,78.0
divya,3,4.067,81.3
alumnus,2,4.400,88.0
dungu,2,4.400,88.0
sivaji,2,4.400,88.0
mitthal,2,5.000,100.0
representing,4,4.550,91.0
rondevous,2,5.000,100.0
sneha,2,5.000,100.0
behera,4,5.000,100.0
polish,2,4.900,98.0
undergrad,4,4.550,91.0
undoubtably,2,4.900,98.0
formed,8,4.600,92.0
scholar,10,4.640,92.8
rearrange,2,4.800,96.0
finmechanics,6,4.633,92.7
vindyachal,2,4.800,96.0
grind,2,4.800,96.0
jawalmukhi,2,4.800,96.0
craziness,2,4.800,96.0
hustle,2,4.800,96.0
udagiri,2,4.800,96.0
whom,12,4.517,90.3
abhilasha,2,4.800,96.0
ambuj,2,4.400,88.0
jayendra,2,4.400,88.0
nalwa,2,4.400,88.0
unlucky,2,4.500,90.0
slide,2,4.500,90.0
visibly,2,4.500,90.0
settle,4,4.600,92.0
monster,2,4.500,90.0
budhyadeb,2,4.500,90.0
venture,2,4.500,90.0
trophy,2,4.500,90.0
surviving,2,4.500,90.0
cutthroat,2,4.500,90.0
competes,4,4.550,91.0
participates,4,4.500,90.0
magnificent,6,4.333,86.7
lifts,5,4.680,93.6
regardless,4,4.500,90.0
legacies,2,4.500,90.0
influenced,8,4.300,86.0
toward,10,4.700,94.0
suggests,2,4.900,98.0
responding,2,4.900,98.0
aarush,2,4.900,98.0
workloads,2,4.900,98.0
pulled,2,4.900,98.0
rise,4,4.600,92.0
shashwat,2,4.900,98.0
apparatuses,4,4.550,91.0
overrated,6,4.500,90.0
sitaram,2,4.500,90.0
memorize,2,4.500,90.0
ch,5,4.720,94.4
operative,1,4.000,80.0
suman,25,4.216,84.3
kalar,2,4.400,88.0
flight,6,4.633,92.7
microbiological,2,4.900,98.0
liquid,2,4.900,98.0
spectrometry,2,4.900,98.0
analyzing,2,4.900,98.0
chromatography,2,4.900,98.0
technocrat,2,4.900,98.0
reported,2,4.900,98.0
lc,2,4.900,98.0
contaminants,2,4.900,98.0
wastewater,2,4.900,98.0
hplc,2,4.900,98.0
payel,10,4.170,83.4
guided,4,4.150,83.0
kundu,10,4.170,83.4
happiness,6,4.433,88.7
obsessed,2,3.700,74.0
bca,4,3.975,79.5
sadan,2,4.300,86.0
paypal,12,4.600,92.0
fiitjee,6,4.567,91.3
edtech,10,4.660,93.2
pw,2,4.400,88.0
bhautiki,2,4.400,88.0
tmr,2,4.500,90.0
eeg,2,4.500,90.0
strengthened,4,4.688,93.8
cobotics,2,4.500,90.0
tracker,2,4.500,90.0
linguistics,2,4.500,90.0
cognitive,4,4.400,88.0
prachi,2,4.500,90.0
ux,4,4.400,88.0
charged,2,4.900,98.0
nurses,2,4.900,98.0
surgeons,2,4.900,98.0
staffed,4,4.850,97.0
fulfilled,6,4.733,94.7
tastier,2,4.900,98.0
khushi,2,4.900,98.0
wallah,6,4.500,90.0
synthesis,4,4.400,88.0
reactions,2,4.700,94.0
msc,2,4.700,94.0
mahalwal,2,4.700,94.0
fulfill,8,4.350,87.0
carries,14,4.500,90.0
optimized,1,3.800,76.0
kozhikode,2,3.800,76.0
debates,3,4.267,85.3
immersed,1,3.800,76.0
everlasting,1,3.800,76.0
commence,6,4.283,85.7
wardrobe,2,3.800,76.0
heterojunction,1,3.800,76.0
techno,12,4.592,91.8
adventurous,2,4.700,94.0
bechtel,2,4.400,88.0
rice,4,4.550,91.0
curd,2,4.500,90.0
rushed,2,4.500,90.0
chappati,2,4.500,90.0
fieldwork,4,4.500,90.0
jn,2,4.500,90.0
protection,2,4.500,90.0
smartboards,4,4.450,89.0
abobe,2,4.200,84.0
chaudharh,2,4.400,88.0
optical,4,4.700,94.0
leveled,2,4.700,94.0
poonam,2,4.700,94.0
ghee,2,4.000,80.0
butter,6,4.333,86.7
lockdown,2,4.000,80.0
refundable,2,4.000,80.0
paneer,2,4.000,80.0
distinguished,4,4.263,85.2
deepesh,2,3.900,78.0
safdarjung,2,3.900,78.0
arvish,2,4.700,94.0
dabra,2,4.700,94.0
barkleys,2,4.700,94.0
hesitate,2,4.700,94.0
mathworks,6,4.800,96.0
alphonso,4,4.600,92.0
beats,2,5.000,100.0
timely,8,4.569,91.4
suffering,2,5.000,100.0
influx,2,5.000,100.0
gurus,2,5.000,100.0
feather,2,5.000,100.0
specially,12,4.367,87.3
refurnishing,2,5.000,100.0
comments,2,5.000,100.0
celebrates,12,4.700,94.0
nihar,4,4.800,96.0
surfaces,2,5.000,100.0
disposal,4,4.800,96.0
principles,4,5.000,100.0
respectable,4,4.900,98.0
kudos,2,5.000,100.0
guarantees,2,5.000,100.0
utility,2,5.000,100.0
sums,2,5.000,100.0
kindly,4,4.650,93.0
atul,12,4.600,92.0
vacation,5,4.800,96.0
technics,2,4.700,94.0
pankaj,4,4.400,88.0
ioncl,2,4.700,94.0
postdoctoral,4,4.500,90.0
jrf,2,4.700,94.0
brarc,2,4.700,94.0
rondeous,2,4.700,94.0
lecturer,2,4.700,94.0
geoscience,2,4.700,94.0
vo,2,5.000,100.0
emence,1,5.000,100.0
neutrients,2,5.000,100.0
ife,1,5.000,100.0
oli,2,5.000,100.0
chemist,2,5.000,100.0
reserviour,2,5.000,100.0
iiser,4,4.700,94.0
tifr,6,4.567,91.3
showing,7,4.771,95.4
superbly,6,4.467,89.3
separately,6,4.633,92.7
vb,12,4.467,89.3
booklet,6,4.475,89.5
cabs,2,4.500,90.0
asus,2,4.500,90.0
manually,2,4.500,90.0
mahendera,2,4.500,90.0
designs,10,4.420,88.4
mediatek,9,4.711,94.2
telecommunication,17,4.456,89.1
delta,2,4.800,96.0
telecom,9,4.544,90.9
havells,2,4.800,96.0
anjay,2,4.800,96.0
rtos,2,4.800,96.0
isdn,2,4.800,96.0
oop,2,4.800,96.0
facilitates,4,4.900,98.0
labview,2,4.800,96.0
cognate,2,4.800,96.0
statistically,2,4.800,96.0
commsim,2,4.800,96.0
wireshark,2,4.800,96.0
modernized,2,4.800,96.0
simulator,2,4.800,96.0
streamlined,2,4.800,96.0
tk,4,4.750,95.0
kankane,2,4.800,96.0
joint,2,4.800,96.0
manas,6,4.733,94.7
tcl,2,4.800,96.0
fabrication,2,4.600,92.0
unquestionable,4,4.700,94.0
chandrakanth,2,4.600,92.0
choppa,2,4.600,92.0
fujikura,2,4.600,92.0
saint,6,4.733,94.7
smt,2,4.600,92.0
polymer,2,4.600,92.0
uflex,2,4.600,92.0
gobain,6,4.733,94.7
gopal,4,4.400,88.0
rounds,12,4.783,95.7
servers,2,4.900,98.0
refinement,2,4.900,98.0
ieee,2,4.900,98.0
websites,6,4.600,92.0
population,10,4.500,90.0
metropolitan,4,4.900,98.0
uplifter,2,5.000,100.0
operated,6,4.700,94.0
platforms,4,4.900,98.0
pd,2,4.600,92.0
dahiphale,2,4.600,92.0
blue,2,4.600,92.0
palash,2,4.600,92.0
uninterrupted,10,4.580,91.6
ajinkya,2,4.000,80.0
consecutive,7,4.514,90.3
wasnik,2,4.000,80.0
invigilation,2,4.000,80.0
volunteered,2,4.000,80.0
aw,2,4.000,80.0
ahmad,8,4.400,88.0
nadeem,2,3.800,76.0
bis,2,4.100,82.0
concrete,6,4.500,90.0
gaur,4,4.550,91.0
delivering,6,4.533,90.7
akshit,2,4.200,84.0
evenly,4,4.400,88.0
reserved,2,4.300,86.0
sec,2,4.300,86.0
muse,2,4.300,86.0
iutdoor,2,4.300,86.0
surfing,2,4.300,86.0
dreamland,2,4.300,86.0
techfests,2,4.600,92.0
simplest,2,4.600,92.0
ordination,2,4.600,92.0
explorer,2,4.300,86.0
shuvadip,2,4.300,86.0
mate,2,4.300,86.0
computerized,2,4.300,86.0
mallik,2,4.300,86.0
ebara,2,4.500,90.0
munjal,2,4.800,96.0
annoying,4,3.850,77.0
sociology,3,4.867,97.3
paraboloid,2,4.800,96.0
settings,1,5.000,100.0
lhi,1,5.000,100.0
dogs,1,5.000,100.0
sumanth,1,5.000,100.0
arriving,2,4.600,92.0
peaks,1,5.000,100.0
stufent,2,4.600,92.0
intimation,2,4.600,92.0
ravuri,1,5.000,100.0
waa,2,4.600,92.0
fruendly,2,4.600,92.0
extraordinarily,1,5.000,100.0
sandhu,2,4.300,86.0
teghbir,2,4.300,86.0
remodelling,2,4.100,82.0
bhaskar,6,4.567,91.3
noble,2,4.200,84.0
prize,4,4.250,85.0
kurur,2,4.200,84.0
framed,4,4.600,92.0
remarkably,4,4.750,95.0
yj,2,4.700,94.0
solves,2,4.700,94.0
precisely,2,4.700,94.0
dedicates,2,4.700,94.0
entrants,2,4.700,94.0
problematic,2,4.000,80.0
ardently,2,4.000,80.0
bare,2,4.000,80.0
morwal,2,3.100,62.0
amplification,2,3.100,62.0
dentist,2,3.100,62.0
parking,4,3.750,75.0
orthopaedist,2,3.100,62.0
averaged,4,3.650,73.0
utilities,2,3.100,62.0
anshul,4,3.750,75.0
neatly,4,4.100,82.0
assign,4,3.950,79.0
shalini,2,4.300,86.0
panwar,4,4.650,93.0
swanky,2,4.200,84.0
spoilt,2,4.200,84.0
gala,4,4.350,87.0
sahdev,4,4.350,87.0
kr,2,4.700,94.0
spoiled,2,4.900,98.0
throw,4,4.800,96.0
postal,2,4.900,98.0
carrier,4,4.950,99.0
nagar,2,4.900,98.0
pvr,2,4.900,98.0
civils,2,4.900,98.0
chadda,2,4.500,90.0
comparably,2,4.500,90.0
studios,2,4.500,90.0
harshita,4,4.350,87.0
descent,4,4.500,90.0
simultaneously,6,4.600,92.0
converts,2,4.900,98.0
navin,2,4.900,98.0
benefited,2,4.900,98.0
reaches,6,4.900,98.0
ended,10,4.580,91.6
mpare,1,4.600,92.0
chakradeo,1,4.600,92.0
companions,2,4.800,96.0
convinced,2,4.700,94.0
kundhiya,2,4.700,94.0
osama,2,4.700,94.0
resonance,2,4.700,94.0
undersatandable,2,4.300,86.0
organic,4,4.300,86.0
mandotia,2,4.100,82.0
guard,2,4.100,82.0
fight,4,4.400,88.0
empowering,4,4.750,95.0
iitn,2,4.800,96.0
hiding,2,4.000,80.0
globant,2,4.500,90.0
nimcet,2,4.500,90.0
bridgenext,2,4.500,90.0
pickup,2,4.500,90.0
metacube,2,4.250,85.0
dms,31,4.419,88.4
javed,2,4.750,95.0
tabish,2,4.750,95.0
phenomena,2,4.750,95.0
hrm,2,4.500,90.0
imparts,4,4.500,90.0
rockwell,6,4.250,85.0
medtronic,2,4.500,90.0
internalise,2,4.500,90.0
strategic,4,4.250,85.0
context,2,4.500,90.0
ishaan,2,4.500,90.0
ordinarily,2,4.625,92.5
grievances,2,4.625,92.5
quants,2,4.625,92.5
dilr,2,4.625,92.5
affirmation,2,4.625,92.5
indicated,2,4.625,92.5
wreck,2,4.625,92.5
baljeet,2,4.625,92.5
disposed,2,4.625,92.5
partake,2,4.625,92.5
workforce,2,4.625,92.5
culinary,2,4.625,92.5
lodgings,2,4.625,92.5
understudy,2,4.625,92.5
character,2,4.625,92.5
chhabra,2,4.625,92.5
varc,2,4.625,92.5
examine,2,4.625,92.5
annoys,2,4.625,92.5
convenience,4,4.838,96.8
purshwani,2,4.875,97.5
lucknow,10,4.705,94.1
delight,2,4.625,92.5
gulati,2,4.625,92.5
sloan,2,4.625,92.5
xlri,2,4.625,92.5
committees,14,4.596,91.9
atri,2,4.625,92.5
benckiser,7,4.357,87.1
reckitt,7,4.357,87.1
urge,2,4.250,85.0
pawar,2,4.250,85.0
oneplus,2,4.250,85.0
shrikant,2,4.250,85.0
brillo,2,3.750,75.0
kant,2,3.750,75.0
rj,11,4.455,89.1
theerath,2,4.625,92.5
destination,6,4.742,94.8
outs,8,4.656,93.1
tweaked,2,4.625,92.5
therr,2,4.625,92.5
deoitte,2,4.625,92.5
ey,17,4.409,88.2
outsode,2,4.625,92.5
gem,4,4.412,88.2
rawat,4,4.362,87.2
capg,2,4.625,92.5
gfs,4,4.562,91.2
suruchi,4,4.375,87.5
israel,2,4.250,85.0
parivartan,4,4.562,91.2
alum,4,4.225,84.5
cape,2,4.250,85.0
convert,12,4.558,91.2
hopefully,2,3.875,77.5
dmsiitd,2,3.875,77.5
jawanpuria,2,3.875,77.5
surbhi,2,3.875,77.5
buck,2,4.625,92.5
verticals,2,4.625,92.5
bang,2,4.625,92.5
immersive,2,5.000,100.0
azakode,2,5.000,100.0
karthik,4,4.500,90.0
facelift,2,5.000,100.0
depths,2,5.000,100.0
eminent,11,4.632,92.6
shoulder,2,4.375,87.5
brackets,2,4.375,87.5
amphitheatre,6,4.592,91.8
invite,9,4.606,92.1
mahim,4,4.250,85.0
garnered,2,4.375,87.5
strive,6,4.692,93.8
favouring,2,4.625,92.5
awake,2,4.625,92.5
tasking,2,4.500,90.0
snigdha,2,3.500,70.0
visvesvaraya,2,4.000,80.0
karnataka,2,4.000,80.0
multifarious,2,4.125,82.5
inspected,2,4.125,82.5
kanika,4,4.263,85.2
singapurwala,2,4.125,82.5
bahl,2,4.125,82.5
abbas,2,4.125,82.5
occupancies,2,4.125,82.5
conclaves,10,4.300,86.0
dominant,4,3.862,77.2
unhygienic,2,3.625,72.5
commencement,2,3.625,72.5
addressed,4,4.312,86.2
broaden,2,4.000,80.0
narsee,2,4.000,80.0
sibm,2,4.000,80.0
horizon,2,4.000,80.0
monjee,2,4.000,80.0
risen,6,4.300,86.0
usp,4,4.312,86.2
generic,4,4.438,88.8
excess,2,4.500,90.0
jg,2,4.625,92.5
vijh,2,4.875,97.5
factory,4,4.838,96.8
honor,2,4.875,97.5
poornima,3,4.083,81.7
addresses,2,4.875,97.5
parliament,2,4.875,97.5
graced,2,4.875,97.5
asija,1,5.000,100.0
sangram,2,4.875,97.5
heineken,2,4.875,97.5
endorse,1,5.000,100.0
audi,4,4.588,91.8
vv,4,4.838,96.8
keynote,2,4.875,97.5
brussels,2,4.875,97.5
attained,4,4.438,88.8
brewery,2,4.875,97.5
inc,6,4.892,97.8
panel,2,4.875,97.5
yakult,2,4.875,97.5
varun,6,4.525,90.5
essec,2,4.875,97.5
teamwork,2,4.375,87.5
ub,4,4.688,93.8
umang,2,4.375,87.5
cooperation,2,4.375,87.5
bhambri,2,4.375,87.5
aimed,4,4.537,90.8
quantified,2,4.375,87.5
imbibes,2,4.375,87.5
shetty,2,4.375,87.5
lecturing,2,4.375,87.5
theories,4,4.588,91.8
vikash,8,4.912,98.2
barren,2,4.750,95.0
mushrooming,2,4.750,95.0
claustrophobia,2,4.750,95.0
laziness,2,4.750,95.0
vy,2,4.750,95.0
hamper,2,4.625,92.5
edged,2,4.625,92.5
sword,2,4.625,92.5
outweigh,2,4.625,92.5
scorers,2,4.625,92.5
konark,2,4.625,92.5
margin,2,4.625,92.5
tensed,2,4.750,95.0
agarawal,2,4.750,95.0
facilitate,2,4.750,95.0
fraternity,2,5.000,100.0
rois,4,4.750,95.0
miraje,2,5.000,100.0
diversification,2,4.625,92.5
technocrats,2,3.875,77.5
marketplace,2,3.875,77.5
natasha,2,3.875,77.5
konda,2,4.125,82.5
ncet,2,4.125,82.5
district,2,4.125,82.5
jnt,2,4.125,82.5
satyanarayan,4,4.013,80.2
backdrop,2,4.125,82.5
affiliated,6,4.508,90.2
telengana,2,4.125,82.5
linkage,2,4.125,82.5
classmates,6,4.425,88.5
printed,3,4.650,93.0
arshad,2,4.875,97.5
pathak,4,4.375,87.5
liberia,2,4.625,92.5
sanajaoba,2,4.250,85.0
abujam,2,4.250,85.0
gill,2,4.125,82.5
practicing,4,4.362,87.2
technique,6,4.408,88.2
shiv,4,4.412,88.2
clicks,2,4.125,82.5
sanitised,4,4.262,85.2
kindle,2,4.125,82.5
mores,2,4.125,82.5
essentials,2,4.125,82.5
bags,2,4.125,82.5
pb,4,3.962,79.2
balram,2,3.625,72.5
handwash,2,4.000,80.0
chavhan,1,4.200,84.0
shreya,3,4.733,94.7
spoken,4,4.150,83.0
invest,2,4.000,80.0
observation,4,3.850,77.0
skillful,2,4.300,86.0
vehicle,4,4.450,89.0
manufacturers,2,4.300,86.0
almirahs,10,4.660,93.2
petrochemical,2,4.700,94.0
abhi,2,4.400,88.0
differentiate,4,4.400,88.0
pi,2,4.400,88.0
shreyas,2,4.300,86.0
vasista,2,4.300,86.0
alright,2,4.300,86.0
dilshan,2,4.500,90.0
neetu,2,4.600,92.0
spranza,2,4.600,92.0
sadique,2,4.300,86.0
ishita,2,3.700,74.0
tiara,2,3.800,76.0
sarma,2,3.800,76.0
outcome,2,3.800,76.0
akshata,2,3.800,76.0
kabra,2,3.800,76.0
lloyd,2,4.000,80.0
war,2,4.000,80.0
flooding,2,4.000,80.0
kalsariya,2,4.900,98.0
swayam,2,4.000,80.0
sonu,6,4.400,88.0
krrish,4,4.650,93.0
declined,4,3.900,78.0
achieving,2,4.400,88.0
comfy,4,4.500,90.0
mtechs,2,4.300,86.0
cess,1,5.000,100.0
electro,1,5.000,100.0
mechatronics,3,4.733,94.7
hindware,2,5.000,100.0
optimize,1,5.000,100.0
freelance,2,5.000,100.0
indicates,1,5.000,100.0
skillset,2,4.900,98.0
nimbus,2,4.900,98.0
arpiet,2,4.900,98.0
agency,2,4.900,98.0
harbor,2,4.900,98.0
drona,2,4.200,84.0
rasikbhai,2,4.200,84.0
rangan,2,4.300,86.0
imperial,4,4.787,95.7
kyoto,2,4.700,94.0
desserts,2,4.700,94.0
sura,2,4.700,94.0
seasonal,2,4.700,94.0
occasion,2,4.700,94.0
khorana,2,4.700,94.0
surat,2,4.700,94.0
pratyush,4,4.850,97.0
confirmed,4,4.700,94.0
owls,4,4.650,93.0
vipul,4,4.600,92.0
curricula,6,4.767,95.3
sain,2,5.000,100.0
arun,2,4.900,98.0
busters,2,4.900,98.0
danger,2,4.900,98.0
disagree,2,4.900,98.0
yelode,2,4.800,96.0
itcc,2,4.500,90.0
gauri,2,4.500,90.0
ntpl,2,4.400,88.0
phone,4,3.500,70.0
chaos,2,2.500,50.0
roaming,16,4.362,87.2
spectate,2,2.500,50.0
dictate,2,2.500,50.0
pakad,2,2.500,50.0
walker,1,4.400,88.0
jassal,2,4.400,88.0
diljit,1,4.400,88.0
charming,2,4.400,88.0
putting,3,3.733,74.7
comedian,1,4.400,88.0
trysts,1,4.400,88.0
baseball,1,4.400,88.0
alan,1,4.400,88.0
agnihotri,2,4.700,94.0
mesmerizing,2,4.700,94.0
localities,2,4.700,94.0
prabhav,2,4.700,94.0
viresh,2,4.000,80.0
summarise,3,4.333,86.7
salesforce,2,4.000,80.0
om,4,4.650,93.0
gayna,2,4.600,92.0
chawla,2,4.600,92.0
cramming,2,4.600,92.0
formulas,2,4.600,92.0
lohan,2,4.600,92.0
letters,4,4.200,84.0
oddly,2,4.300,86.0
invaluable,2,4.400,88.0
deepu,4,4.600,92.0
goddamn,2,4.400,88.0
servants,2,4.400,88.0
arnav,2,4.500,90.0
afroj,2,4.300,86.0
rezvendous,2,4.300,86.0
socializing,2,4.500,90.0
aiding,2,4.900,98.0
spectrum,4,4.900,98.0
generates,2,4.900,98.0
kritika,2,4.600,92.0
removed,3,4.467,89.3
rendovous,2,4.300,86.0
okok,2,4.300,86.0
realise,2,4.300,86.0
hydrobots,2,4.800,96.0
efg,2,4.400,88.0
recess,2,4.400,88.0
inch,2,4.400,88.0
stident,2,4.400,88.0
chakr,2,4.600,92.0
shifting,2,4.600,92.0
regions,2,4.700,94.0
katwaria,2,4.700,94.0
ber,2,4.700,94.0
topnotch,2,4.800,96.0
traveled,2,3.800,76.0
bridge,6,4.467,89.3
cup,2,5.000,100.0
buchha,2,5.000,100.0
menus,4,4.350,87.0
anoop,2,5.000,100.0
busch,2,4.400,88.0
anheuser,2,4.400,88.0
occurring,2,3.600,72.0
overwhelmed,2,3.400,68.0
reconsider,2,3.400,68.0
contemplating,2,3.400,68.0
mohan,6,4.433,88.7
dots,2,3.700,74.0
astonishing,2,3.700,74.0
ease,6,4.467,89.3
apollo,8,4.475,89.5
morden,2,3.700,74.0
meters,2,3.700,74.0
tips,4,3.950,79.0
conveyed,2,3.400,68.0
strongest,4,3.600,72.0
vibhinn,2,2.900,58.0
tamil,3,3.533,70.7
nadu,2,2.900,58.0
advice,6,3.833,76.7
gravity,2,2.900,58.0
sprinkler,6,3.867,77.3
bihar,2,2.900,58.0
forming,2,2.900,58.0
suicidal,2,2.900,58.0
proofs,2,2.900,58.0
realized,4,3.700,74.0
placem,1,4.200,84.0
beacon,2,5.000,100.0
elegantly,2,5.000,100.0
yamaha,2,4.500,90.0
tractors,2,4.500,90.0
priti,2,4.700,94.0
dandotiya,3,4.667,93.3
blockchain,2,4.800,96.0
deb,2,4.800,96.0
priyadarshi,2,4.800,96.0
bgg,2,4.800,96.0
exhall,2,4.800,96.0
emails,8,4.600,92.0
soc,6,4.567,91.3
caliber,2,4.800,96.0
buying,4,4.450,89.0
hemali,2,4.800,96.0
reforms,2,4.900,98.0
removal,2,4.900,98.0
justified,2,4.800,96.0
awani,2,4.700,94.0
unmatched,6,4.800,96.0
sunneth,2,4.800,96.0
artist,2,4.500,90.0
permits,2,4.100,82.0
slot,4,4.550,91.0
decides,4,4.450,89.0
venue,2,4.100,82.0
mc,2,4.500,90.0
anish,2,4.500,90.0
kinsey,2,4.500,90.0
anushka,2,4.300,86.0
vindynchal,2,4.300,86.0
incidences,2,4.300,86.0
ness,2,4.300,86.0
residence,12,4.650,93.0
sahayadri,2,4.300,86.0
antaragani,11,4.527,90.5
saurabh,8,4.425,88.5
axxella,2,3.600,72.0
processors,1,3.600,72.0
techkriti,98,4.606,92.1
ip,5,4.400,88.0
udhghosh,5,4.160,83.2
biological,50,4.592,91.8
goldensachs,2,3.800,76.0
accessibility,5,4.440,88.8
techriti,12,4.650,93.0
kilari,2,4.600,92.0
rithwik,2,4.600,92.0
needful,2,4.600,92.0
antaragni,70,4.589,91.8
udghosh,68,4.612,92.2
mera,2,4.100,82.0
dint,2,4.100,82.0
plumbing,2,4.400,88.0
kelkar,54,4.597,91.9
setting,4,4.650,93.0
neende,2,4.600,92.0
petrochemicals,2,4.000,80.0
awesomely,2,4.000,80.0
tanush,2,4.000,80.0
khagwal,2,4.000,80.0
pharmaceuticals,8,4.425,88.5
clearly,15,4.343,86.9
comi,2,4.200,84.0
tooo,2,4.200,84.0
airstrip,42,4.667,93.3
sl,4,4.500,90.0
joyride,2,4.200,84.0
iitk,116,4.648,93.0
vibration,2,4.500,90.0
unravelling,2,4.500,90.0
studentsindustry,2,4.500,90.0
thermodynamics,8,4.575,91.5
york,2,4.700,94.0
counted,4,4.650,93.0
smartwork,2,4.700,94.0
amzon,2,4.700,94.0
hightech,2,4.700,94.0
determination,2,4.700,94.0
hpw,2,4.700,94.0
skywalk,2,4.700,94.0
mio,2,4.700,94.0
wonders,2,4.700,94.0
mellon,4,4.700,94.0
antrangini,4,4.900,98.0
rachit,6,4.700,94.0
doaa,2,4.800,96.0
yogendra,4,4.412,88.2
brick,2,4.000,80.0
srid,4,4.150,83.0
enforces,1,5.000,100.0
ritviz,2,5.000,100.0
badshah,2,5.000,100.0
concerts,2,5.000,100.0
ethernet,5,4.560,91.2
shreyash,3,4.533,90.7
compulsorily,3,4.667,93.3
briefly,4,4.300,86.0
pio,2,4.200,84.0
swarnim,2,4.200,84.0
pradhan,2,4.200,84.0
prerequisites,2,4.400,88.0
strengthen,2,4.400,88.0
sangita,2,4.400,88.0
pompous,2,4.400,88.0
sejal,2,4.800,96.0
perception,4,4.750,95.0
ishani,2,4.600,92.0
shagun,2,4.300,86.0
centric,6,4.300,86.0
anisha,2,4.500,90.0
mfcm,2,4.500,90.0
buisness,2,4.500,90.0
bsbe,8,4.675,93.5
dhruwa,2,4.500,90.0
auxoai,2,4.700,94.0
blitz,2,4.700,94.0
bny,2,4.700,94.0
warkad,2,4.700,94.0
fpl,2,4.700,94.0
npci,2,4.700,94.0
svaya,2,4.700,94.0
fedx,2,4.700,94.0
nine,4,4.500,90.0
ixigo,2,4.700,94.0
nestled,2,4.800,96.0
slb,2,4.800,96.0
failing,3,4.600,92.0
coursewise,2,4.800,96.0
sarkari,2,4.400,88.0
aecom,2,4.400,88.0
axxela,6,4.400,88.0
panels,2,4.400,88.0
jawre,2,4.700,94.0
reply,7,4.714,94.3
ujjwal,3,4.667,93.3
supposed,7,4.857,97.1
positively,3,4.667,93.3
onward,3,4.667,93.3
gokul,2,4.400,88.0
skilfully,1,4.400,88.0
border,2,4.400,88.0
responded,2,4.400,88.0
uploaded,4,4.700,94.0
deutsch,3,4.533,90.7
acements,1,4.400,88.0
allocation,2,4.400,88.0
disadvantage,6,4.567,91.3
discretion,3,4.800,96.0
sequenced,2,4.400,88.0
posted,2,4.400,88.0
disinterest,1,4.400,88.0
ng,2,4.400,88.0
oat,14,4.729,94.6
whats,2,4.400,88.0
soundproof,2,4.400,88.0
gh,4,4.550,91.0
correspond,2,4.400,88.0
seatings,2,4.400,88.0
opera,3,4.533,90.7
retired,2,4.500,90.0
hostellers,4,4.700,94.0
spu,2,4.500,90.0
representatives,5,4.560,91.2
dikshant,2,4.500,90.0
sachan,2,4.500,90.0
knack,2,4.500,90.0
manners,4,4.750,95.0
alive,2,4.500,90.0
unanswered,2,5.000,100.0
dought,2,5.000,100.0
react,2,5.000,100.0
ambulances,4,4.900,98.0
rival,2,5.000,100.0
kaul,2,5.000,100.0
harbola,2,5.000,100.0
zee,2,5.000,100.0
whims,2,5.000,100.0
ordinator,2,5.000,100.0
cryptography,4,4.650,93.0
directi,2,5.000,100.0
spans,2,5.000,100.0
ls,2,5.000,100.0
sahani,2,5.000,100.0
instagram,4,4.900,98.0
evolved,4,4.800,96.0
satsfied,2,5.000,100.0
zeal,2,5.000,100.0
sophomores,2,4.500,90.0
suyash,2,4.500,90.0
baranwal,2,4.500,90.0
singhania,2,4.400,88.0
mse,10,4.720,94.4
ahs,2,4.400,88.0
arrivals,2,4.600,92.0
illustrations,2,4.600,92.0
crave,4,4.650,93.0
notified,2,4.600,92.0
kathi,2,4.600,92.0
crown,2,4.600,92.0
sy,2,4.600,92.0
statically,2,4.800,96.0
tip,6,4.733,94.7
postgraduation,6,4.433,88.7
unforgettable,6,4.733,94.7
ducts,2,4.700,94.0
antaragini,27,4.748,95.0
flights,2,4.700,94.0
tutors,5,4.720,94.4
corporates,2,4.700,94.0
markets,2,4.700,94.0
gliding,2,4.700,94.0
cozy,2,4.400,88.0
modernization,2,4.400,88.0
click,2,4.400,88.0
pull,6,4.467,89.3
antargni,4,4.550,91.0
investing,4,4.737,94.8
resist,2,4.600,92.0
vt,6,4.833,96.7
hss,2,4.700,94.0
prohibits,2,4.800,96.0
hearsay,2,4.800,96.0
storeys,2,4.800,96.0
instrumental,4,4.300,86.0
unknown,2,4.800,96.0
kota,2,4.800,96.0
nonetheless,2,4.800,96.0
associating,2,4.800,96.0
batchmate,2,4.800,96.0
sh,2,4.800,96.0
saddam,2,4.800,96.0
depicted,23,4.557,91.1
incorporating,19,4.516,90.3
pv,1,4.600,92.0
romal,2,4.600,92.0
strip,2,4.600,92.0
cornell,2,4.700,94.0
karttikeya,2,4.700,94.0
plummeted,2,4.700,94.0
puts,4,4.700,94.0
eatery,2,4.700,94.0
persists,2,4.700,94.0
mangalam,2,4.700,94.0
integral,6,4.700,94.0
bottom,4,4.650,93.0
docs,2,4.700,94.0
rising,2,4.700,94.0
distributing,2,4.900,98.0
remotely,5,4.800,96.0
spanned,4,4.750,95.0
pe,6,4.500,90.0
sarpoonji,2,4.700,94.0
paloonji,2,4.700,94.0
chandak,2,4.700,94.0
dynamometers,2,4.500,90.0
kelker,4,4.500,90.0
somesh,2,4.500,90.0
tender,4,4.750,95.0
grabbers,2,4.500,90.0
spo,12,4.483,89.7
untrained,2,4.500,90.0
controlling,2,4.500,90.0
traditions,2,4.700,94.0
nawal,2,4.800,96.0
bhat,2,4.900,98.0
arumugam,2,4.900,98.0
nikita,2,4.800,96.0
supercomputers,4,4.900,98.0
poster,2,4.800,96.0
meaning,2,4.800,96.0
calmly,2,4.800,96.0
fouzdar,2,4.800,96.0
suffers,2,4.800,96.0
vf,2,4.800,96.0
entered,4,4.600,92.0
peacock,2,4.800,96.0
scenic,2,5.000,100.0
unleash,2,5.000,100.0
uke,2,4.400,88.0
hanger,4,4.600,92.0
harshal,2,4.400,88.0
kharagpur,24,4.467,89.3
che,2,4.400,88.0
floodlit,2,4.400,88.0
conversion,2,4.800,96.0
distinguishes,2,4.800,96.0
goodwill,2,4.500,90.0
prov,1,4.400,88.0
manzar,2,4.600,92.0
ma,3,4.533,90.7
anjum,2,4.600,92.0
satyam,10,4.680,93.6
scitech,2,4.800,96.0
sidbi,2,4.800,96.0
mixes,2,4.700,94.0
taekwondo,4,4.700,94.0
proportions,2,4.700,94.0
happily,2,4.700,94.0
prosperity,2,4.700,94.0
surveys,2,4.600,92.0
arises,4,4.450,89.0
clears,4,4.500,90.0
elevating,2,4.800,96.0
achiever,2,4.800,96.0
shubhank,2,4.800,96.0
upset,2,4.900,98.0
rsp,2,4.800,96.0
collaborations,4,4.650,93.0
pioneer,4,4.600,92.0
prabhat,4,4.700,94.0
courteous,2,4.900,98.0
predictable,2,4.800,96.0
pradeep,2,4.800,96.0
sawarn,2,5.000,100.0
deewakar,2,4.400,88.0
thes,2,4.200,84.0
towrd,2,4.200,84.0
badmition,2,4.200,84.0
ech,4,4.450,89.0
nnthis,2,4.200,84.0
bt,2,4.200,84.0
son,2,4.200,84.0
experiemnt,2,4.200,84.0
mindtree,4,4.300,86.0
jossa,4,4.400,88.0
bnb,2,4.300,86.0
pragatheeshwari,2,4.800,96.0
jasper,4,4.500,90.0
foof,2,4.600,92.0
cantenn,2,4.600,92.0
founder,5,4.840,96.8
guptq,2,4.600,92.0
krish,4,4.550,91.0
jalan,2,4.400,88.0
inbuilt,4,4.700,94.0
relatives,2,4.400,88.0
suggestion,6,4.667,93.3
modernised,2,4.400,88.0
strictness,2,4.500,90.0
kanha,2,4.700,94.0
sanjana,2,4.700,94.0
clarified,2,4.700,94.0
airforce,2,4.700,94.0
army,2,4.700,94.0
machenical,2,4.700,94.0
behalf,2,4.700,94.0
opponent,2,4.700,94.0
kelekar,2,4.700,94.0
rises,2,4.700,94.0
twitter,4,4.900,98.0
wasted,2,4.700,94.0
fulfilment,2,4.700,94.0
rough,2,4.700,94.0
mca,2,4.700,94.0
tone,2,4.700,94.0
motto,2,4.700,94.0
bipin,2,4.700,94.0
arrangeable,2,4.700,94.0
chandel,4,4.550,91.0
finished,4,4.500,90.0
incase,4,4.700,94.0
raghav,2,4.100,82.0
tells,2,4.100,82.0
pranaya,2,4.400,88.0
vipin,2,4.700,94.0
injury,2,4.700,94.0
drink,4,4.600,92.0
pune,2,4.700,94.0
runner,2,4.700,94.0
crises,2,4.700,94.0
panday,2,4.800,96.0
balaram,2,4.000,80.0
fbm,12,4.417,88.3
camp,2,4.600,92.0
vacancies,4,4.750,95.0
frastructure,1,5.000,100.0
yogeshwar,2,4.700,94.0
flash,2,4.500,90.0
alma,2,4.500,90.0
nowhere,4,4.750,95.0
awasthi,2,4.500,90.0
carnival,2,4.500,90.0
brief,8,4.575,91.5
bore,2,4.500,90.0
overqualified,4,4.550,91.0
sukant,4,4.350,87.0
transition,2,4.500,90.0
smoother,2,4.500,90.0
prutor,6,4.433,88.7
rides,2,4.500,90.0
recognizing,2,4.500,90.0
celebrate,6,4.433,88.7
santanu,2,4.500,90.0
ring,2,4.700,94.0
silver,2,4.700,94.0
choudhury,4,4.350,87.0
strike,2,4.700,94.0
existent,2,4.700,94.0
aranya,4,4.350,87.0
lend,2,4.700,94.0
hats,2,4.700,94.0
lining,2,4.700,94.0
sajaldeep,2,4.800,96.0
storytelling,2,4.800,96.0
listeners,2,4.800,96.0
saplabs,4,4.650,93.0
middling,2,4.800,96.0
cybersecurity,4,4.650,93.0
ce,4,4.600,92.0
agreement,2,4.800,96.0
resign,2,4.800,96.0
perceivements,2,4.300,86.0
parul,2,4.100,82.0
raised,4,4.350,87.0
postdoctorate,2,4.000,80.0
freo,2,4.300,86.0
alpha,2,4.300,86.0
infrastructurally,2,4.300,86.0
cryptographs,2,4.300,86.0
nobel,2,4.300,86.0
organizes,6,4.233,84.7
deviation,2,4.300,86.0
resolve,2,4.300,86.0
golden,2,4.300,86.0
comforts,2,4.300,86.0
gdp,2,4.300,86.0
conceptually,2,4.300,86.0
dispute,2,4.300,86.0
antragini,8,4.625,92.5
pest,4,4.450,89.0
mourya,2,4.300,86.0
punem,2,4.300,86.0
geologist,4,4.400,88.0
nenavath,2,4.400,88.0
hydrologist,2,4.400,88.0
chandu,2,4.400,88.0
geoscientist,4,4.450,89.0
parizpikul,1,5.000,100.0
climate,6,4.667,93.3
ws,1,5.000,100.0
consist,8,4.750,95.0
gogoi,1,5.000,100.0
affordability,2,4.000,80.0
stringent,2,4.000,80.0
indiga,2,4.600,92.0
nova,2,4.600,92.0
fire,2,4.900,98.0
staffand,2,4.900,98.0
stc,2,4.900,98.0
lalchandani,2,4.500,90.0
neelu,2,4.500,90.0
assistantship,2,4.500,90.0
climbing,12,4.583,91.7
lashed,2,4.300,86.0
linux,4,4.650,93.0
decorum,2,4.300,86.0
medalists,4,4.550,91.0
exceed,2,4.100,82.0
vashistha,2,4.100,82.0
indresh,2,4.700,94.0
constancy,2,4.700,94.0
prathamesh,2,4.700,94.0
wankar,2,4.700,94.0
riya,4,4.800,96.0
mesmerising,4,4.850,97.0
devkate,2,4.700,94.0
swedish,2,4.700,94.0
theses,2,4.100,82.0
county,2,4.100,82.0
undergraduation,2,4.100,82.0
cgpi,1,5.000,100.0
cofounder,1,5.000,100.0
shakti,2,5.000,100.0
assets,4,4.750,95.0
khosla,2,5.000,100.0
sanyam,4,5.000,100.0
redseer,2,5.000,100.0
greenary,2,4.700,94.0
midhun,2,4.700,94.0
explored,4,4.750,95.0
udgosh,14,4.743,94.9
segments,2,4.300,86.0
myth,2,4.300,86.0
affords,2,4.300,86.0
specialists,2,4.600,92.0
singhai,2,4.600,92.0
fried,2,4.600,92.0
optimising,2,4.600,92.0
egg,2,4.600,92.0
emphasized,2,5.000,100.0
shashi,2,4.400,88.0
mineral,2,4.400,88.0
copying,2,4.400,88.0
msgs,2,4.400,88.0
ghosh,12,4.479,89.6
statisticians,2,5.000,100.0
dominios,2,5.000,100.0
shantanu,2,5.000,100.0
axtria,9,4.611,92.2
justifies,2,5.000,100.0
refreshments,2,5.000,100.0
quantities,2,5.000,100.0
pushpjeet,2,4.700,94.0
picked,4,4.750,95.0
dsa,6,4.333,86.7
antrangni,4,4.700,94.0
liler,4,4.800,96.0
sponsors,2,4.600,92.0
attracting,4,4.600,92.0
redmi,2,4.600,92.0
uttar,2,4.500,90.0
universe,2,4.500,90.0
pradesh,2,4.500,90.0
agro,2,4.500,90.0
minerals,2,4.500,90.0
ritesh,2,4.500,90.0
ajit,2,4.400,88.0
kansal,2,4.500,90.0
regretted,2,4.700,94.0
consequences,2,4.800,96.0
sanskar,4,4.850,97.0
composed,2,4.800,96.0
purchase,2,4.800,96.0
harsha,2,5.000,100.0
malla,2,5.000,100.0
feasibility,1,5.000,100.0
habit,1,5.000,100.0
mehar,1,5.000,100.0
confidential,4,5.000,100.0
iculum,1,5.000,100.0
boggling,5,4.520,90.4
masterminds,3,4.533,90.7
trivedi,2,5.000,100.0
cleaners,2,4.900,98.0
parewa,2,4.900,98.0
anuragi,2,4.400,88.0
casmir,2,4.400,88.0
microscope,4,4.450,89.0
mubashshir,2,4.400,88.0
sunburn,2,4.400,88.0
phywe,2,4.400,88.0
tonnes,2,4.400,88.0
outlet,4,4.500,90.0
incharge,2,4.400,88.0
electron,6,4.600,92.0
closest,2,4.400,88.0
uddin,2,4.400,88.0
fought,2,4.400,88.0
imported,2,4.400,88.0
bicycling,4,4.600,92.0
ass,2,4.400,88.0
representation,2,4.400,88.0
macerator,2,4.400,88.0
snapdragon,4,4.450,89.0
butterfly,2,4.900,98.0
sportive,2,4.900,98.0
spped,2,4.900,98.0
gembali,2,4.900,98.0
adarsha,2,4.800,96.0
researching,8,4.675,93.5
mandal,4,4.500,90.0
occurred,2,4.800,96.0
jamadagni,2,4.800,96.0
microwaves,4,4.750,95.0
vyomakesh,2,4.800,96.0
asap,2,4.900,98.0
authentic,2,4.900,98.0
por,4,4.250,85.0
um,2,4.400,88.0
enlist,2,4.500,90.0
hospitality,2,4.500,90.0
hwre,2,4.500,90.0
imagined,4,4.400,88.0
conjunction,2,4.500,90.0
impossible,2,4.500,90.0
choubey,2,4.500,90.0
applauded,2,4.500,90.0
galaxy,12,4.700,94.0
pingolia,2,4.900,98.0
iikt,2,4.900,98.0
exteriors,2,4.900,98.0
aristocratic,2,4.900,98.0
rapport,2,4.900,98.0
antragni,7,4.657,93.1
demonitisation,2,4.900,98.0
faraz,2,4.500,90.0
analytic,4,4.700,94.0
cores,4,4.700,94.0
shortened,2,4.300,86.0
pega,2,4.300,86.0
peepal,2,4.300,86.0
nid,2,4.300,86.0
aakarsh,2,3.800,76.0
input,2,3.800,76.0
afraid,4,4.150,83.0
practised,2,3.800,76.0
ehich,2,3.800,76.0
reduces,4,4.300,86.0
edupro,2,4.100,82.0
ky,2,4.100,82.0
yeotikar,2,4.100,82.0
floored,4,4.400,88.0
peacocks,8,4.650,93.0
furnish,2,4.600,92.0
merely,2,4.700,94.0
sign,4,4.800,96.0
complements,2,5.000,100.0
appointing,1,5.000,100.0
representations,2,5.000,100.0
sanitary,1,5.000,100.0
barsaiyan,2,5.000,100.0
worries,4,4.800,96.0
mile,2,5.000,100.0
pushed,2,5.000,100.0
torrent,2,5.000,100.0
paragraph,2,5.000,100.0
ink,2,5.000,100.0
awesomeness,2,5.000,100.0
markers,2,5.000,100.0
iiscs,2,5.000,100.0
rejects,2,4.400,88.0
dominated,4,4.350,87.0
obstacles,2,4.400,88.0
flourish,4,4.650,93.0
significances,2,4.400,88.0
carelessness,2,4.400,88.0
dropped,2,4.400,88.0
aprajita,2,4.300,86.0
uc,2,4.800,96.0
bahel,2,4.400,88.0
lectureship,2,4.400,88.0
sarad,2,4.200,84.0
kec,2,4.200,84.0
infoworks,2,4.700,94.0
nutanix,2,4.700,94.0
jogging,2,4.700,94.0
contributed,2,4.700,94.0
w,2,4.700,94.0
mamgain,2,4.700,94.0
vmware,2,4.700,94.0
headout,2,4.700,94.0
enrol,4,4.450,89.0
venus,2,4.700,94.0
vacancy,2,4.700,94.0
postdoc,4,4.700,94.0
contributions,2,4.700,94.0
colloquium,2,4.700,94.0
medallists,2,4.700,94.0
eyebrows,2,4.600,92.0
stature,2,4.600,92.0
aptly,2,4.600,92.0
thella,2,4.300,86.0
deepthi,2,4.300,86.0
chudasama,2,4.400,88.0
wake,2,4.900,98.0
biswas,2,4.900,98.0
arindam,2,4.900,98.0
momale,2,4.900,98.0
jashn,2,4.800,96.0
unrestrictive,2,4.800,96.0
jj,2,4.800,96.0
joon,2,4.700,94.0
gyanesh,2,4.700,94.0
duly,2,4.700,94.0
sphere,2,4.700,94.0
dadige,2,4.700,94.0
sree,2,4.700,94.0
moorthy,2,4.700,94.0
yearlong,2,4.700,94.0
bhasin,2,4.900,98.0
object,4,5.000,100.0
storage,4,4.300,86.0
horizons,2,4.900,98.0
chouhan,3,4.533,90.7
soumya,2,5.000,100.0
mitali,2,4.900,98.0
serialization,2,5.000,100.0
dull,4,4.700,94.0
hz,2,4.700,94.0
mamta,2,4.700,94.0
flkpt,2,4.800,96.0
athelitics,2,4.800,96.0
undoubtable,2,4.800,96.0
anylysts,2,4.800,96.0
kajla,2,4.800,96.0
archery,2,4.800,96.0
tabletennis,2,4.800,96.0
amzn,2,4.800,96.0
aqutics,2,4.800,96.0
schlorships,2,4.800,96.0
equippes,2,4.800,96.0
councilling,2,4.800,96.0
gmynism,2,4.800,96.0
reletive,2,4.800,96.0
malware,2,5.000,100.0
kada,2,5.000,100.0
protect,2,5.000,100.0
facults,2,5.000,100.0
assigment,2,5.000,100.0
mcqs,2,5.000,100.0
chandrashekhar,2,5.000,100.0
qurey,2,5.000,100.0
trainner,2,5.000,100.0
increasesv,2,5.000,100.0
install,2,5.000,100.0
ofcost,2,5.000,100.0
compressor,2,5.000,100.0
attack,2,4.500,90.0
coruse,2,4.500,90.0
shalabh,2,4.000,80.0
commands,2,4.000,80.0
rstudio,2,4.000,80.0
casual,2,4.000,80.0
sharad,2,4.000,80.0
patange,2,4.000,80.0
fardeen,2,4.500,90.0
beginner,4,4.900,98.0
mainuddin,2,5.000,100.0
programing,2,5.000,100.0
vimal,2,4.500,90.0
assessments,8,4.300,86.0
chartered,2,4.600,92.0
merilytics,2,4.600,92.0
merits,2,4.600,92.0
ess,1,4.600,92.0
improves,2,4.600,92.0
salon,2,4.400,88.0
fwilao,2,4.400,88.0
basumatary,2,4.400,88.0
unfairly,2,4.300,86.0
shaily,2,4.300,86.0
aloof,2,4.300,86.0
expansive,2,4.300,86.0
aircrafts,4,4.550,91.0
voleyball,2,4.300,86.0
careless,2,4.300,86.0
multitude,2,4.300,86.0
kadim,2,4.600,92.0
ramavath,2,4.600,92.0
parag,4,4.250,85.0
switchboards,4,4.500,90.0
dharavath,2,4.500,90.0
yaswanth,4,4.700,94.0
periods,2,4.500,90.0
standout,2,4.500,90.0
dorms,6,4.583,91.7
requests,2,4.300,86.0
reject,2,4.300,86.0
sumukh,2,4.500,90.0
nsp,6,4.233,84.7
microwave,2,4.500,90.0
sandarikari,2,4.500,90.0
cooperate,4,4.200,84.0
sonker,2,4.200,84.0
shivang,2,4.200,84.0
unreliable,2,4.200,84.0
shubhangam,2,4.400,88.0
aca,2,4.200,84.0
infrastructured,2,4.200,84.0
gowtham,4,4.400,88.0
settlement,2,4.200,84.0
chand,2,4.200,84.0
chintapudi,2,4.200,84.0
navi,2,4.400,88.0
bread,2,4.400,88.0
dosa,2,4.400,88.0
specialties,2,4.400,88.0
poha,2,4.400,88.0
idli,2,4.400,88.0
udhghoosh,2,4.400,88.0
optver,2,4.900,98.0
udghose,2,4.900,98.0
cpr,2,4.900,98.0
ritam,2,5.000,100.0
postdocs,2,5.000,100.0
udhgosh,2,4.600,92.0
lottery,2,4.600,92.0
lasting,2,4.200,84.0
returned,2,4.200,84.0
exacerbated,2,4.200,84.0
taxing,2,4.200,84.0
absent,2,4.200,84.0
axella,2,4.200,84.0
quadye,2,4.200,84.0
gyaan,2,4.200,84.0
blitzz,2,4.200,84.0
lags,2,4.300,86.0
watermelon,2,4.300,86.0
template,6,4.533,90.7
ghz,4,4.450,89.0
navigate,2,4.300,86.0
tem,2,4.300,86.0
microscopy,2,4.300,86.0
consistently,4,4.400,88.0
mangoes,2,4.300,86.0
shamit,2,4.300,86.0
floodlights,6,4.767,95.3
percentages,2,4.000,80.0
ruthvik,2,4.000,80.0
kalahastri,2,4.000,80.0
scalable,2,5.000,100.0
pickle,1,5.000,100.0
ict,4,4.500,90.0
karkare,2,4.500,90.0
amay,2,4.500,90.0
prem,2,4.500,90.0
discovered,2,4.500,90.0
pratical,2,5.000,100.0
dhritiman,2,5.000,100.0
contant,2,5.000,100.0
chaurasiya,4,4.750,95.0
nayak,2,3.900,78.0
nationals,2,3.700,74.0
arinjita,2,4.700,94.0
aero,6,4.733,94.7
aviation,8,4.375,87.5
vigour,2,4.900,98.0
rastogi,2,4.900,98.0
stamina,2,4.900,98.0
saloni,2,4.900,98.0
tek,2,4.700,94.0
ry,2,4.700,94.0
boxing,2,4.675,93.5
wells,11,4.591,91.8
fargo,9,4.522,90.4
ime,5,4.700,94.0
tiger,4,4.700,94.0
capstone,2,4.500,90.0
ttaching,2,4.500,90.0
juspay,2,4.500,90.0
kriti,2,4.375,87.5
instalments,2,4.375,87.5
averages,2,4.375,87.5
friday,2,4.625,92.5
window,4,4.412,88.2
vyas,2,4.125,82.5
yv,2,4.125,82.5
mphasis,2,4.125,82.5
ngi,2,4.125,82.5
spheres,2,5.000,100.0
vivekananda,2,5.000,100.0
licensed,1,5.000,100.0
tikka,1,5.000,100.0
buizkriti,2,5.000,100.0
grows,2,5.000,100.0
anataragni,1,5.000,100.0
fish,1,5.000,100.0
eventful,1,5.000,100.0
fundamentals,2,4.875,97.5
sayantan,2,4.875,97.5
personnel,2,4.875,97.5
utilised,2,4.875,97.5
participative,2,4.875,97.5
mitsui,2,4.875,97.5
prerequisite,4,4.537,90.8
believes,4,4.875,97.5
indiatimes,2,4.875,97.5
conference,2,4.875,97.5
rathaur,2,4.625,92.5
surprising,2,4.625,92.5
cource,2,4.625,92.5
nbs,1,4.250,85.0
hostal,2,4.500,90.0
rahar,2,4.500,90.0
ricular,1,4.400,88.0
riyaaz,1,4.400,88.0
vibrations,2,4.500,90.0
kanaujiya,2,4.800,96.0
lodge,2,4.800,96.0
pingala,2,4.800,96.0
bhongade,2,4.800,96.0
assisting,4,4.800,96.0
uss,2,4.800,96.0
indirectly,2,4.300,86.0
remove,2,4.300,86.0
lounges,2,4.300,86.0
narendra,2,4.200,84.0
canada,6,4.558,91.2
topper,2,4.800,96.0
wifis,4,4.900,98.0
learners,8,4.500,90.0
mountain,2,4.800,96.0
ved,3,4.933,98.7
teckriti,2,4.700,94.0
drew,2,4.600,92.0
subscriptions,6,4.800,96.0
sourit,2,4.600,92.0
fiercely,2,4.600,92.0
ccs,2,4.600,92.0
cnb,2,4.600,92.0
knu,2,4.600,92.0
rink,2,4.600,92.0
bombarded,2,4.600,92.0
lko,2,4.600,92.0
delivery,2,4.600,92.0
yeginati,2,4.700,94.0
facil,4,4.750,95.0
appetites,2,4.800,96.0
chutani,2,4.800,96.0
hugely,2,4.800,96.0
consistency,2,4.800,96.0
synchronize,2,4.700,94.0
james,2,4.500,90.0
rambharat,2,4.500,90.0
adheres,2,4.600,92.0
enforced,2,4.600,92.0
interhall,2,4.900,98.0
kan,3,5.000,100.0
territories,1,5.000,100.0
kasturia,2,5.000,100.0
asjad,2,5.000,100.0
acers,2,4.900,98.0
breathtaking,2,4.900,98.0
srijan,2,4.900,98.0
odd,3,4.867,97.3
anukalp,2,4.400,88.0
sach,2,4.400,88.0
con,2,4.600,92.0
rusty,2,4.600,92.0
connects,6,4.600,92.0
increasingly,2,4.600,92.0
landmarks,2,4.600,92.0
khandekar,2,4.600,92.0
represented,2,4.000,80.0
avishkar,2,4.000,80.0
crucial,6,4.333,86.7
concessions,4,4.300,86.0
sabha,2,3.900,78.0
sahitya,2,3.900,78.0
animation,2,3.900,78.0
humor,2,3.900,78.0
commission,2,3.900,78.0
ugs,2,3.900,78.0
dramatic,2,3.900,78.0
glean,2,4.500,90.0
ajeet,4,4.500,90.0
gocusing,2,4.500,90.0
kangra,2,4.500,90.0
acquatic,2,4.500,90.0
conduction,4,4.550,91.0
adventure,4,4.450,89.0
anx,2,4.500,90.0
congress,2,4.500,90.0
standup,2,4.500,90.0
suri,2,4.500,90.0
ec,2,4.500,90.0
actors,2,4.500,90.0
apm,2,4.500,90.0
alcheringa,2,4.500,90.0
circulation,2,4.500,90.0
farms,2,4.500,90.0
sessional,2,4.500,90.0
grateful,2,4.500,90.0
prakahar,2,4.500,90.0
upl,2,4.500,90.0
planes,4,4.650,93.0
dhobi,2,4.500,90.0
critically,2,4.500,90.0
subramanian,2,4.500,90.0
amrit,2,5.000,100.0
unfair,2,5.000,100.0
peps,2,5.000,100.0
bandwidths,2,5.000,100.0
clp,2,4.600,92.0
basetia,1,4.200,84.0
agni,2,4.600,92.0
tin,1,4.200,84.0
dominate,1,4.200,84.0
astronomical,1,4.200,84.0
alterations,2,4.600,92.0
extravagant,3,4.600,92.0
takneek,6,4.733,94.7
antar,2,4.600,92.0
manger,2,4.900,98.0
king,2,4.700,94.0
navaratna,2,4.700,94.0
subudhi,2,4.700,94.0
prajwal,4,4.700,94.0
konchada,2,4.700,94.0
grassroot,2,4.500,90.0
seldom,2,4.500,90.0
similarity,2,4.700,94.0
spotify,2,4.700,94.0
shrinivas,2,4.900,98.0
sontakke,2,4.900,98.0
digambar,2,4.900,98.0
enjoyful,2,4.900,98.0
ghyar,2,4.900,98.0
leaned,2,4.900,98.0
obtain,2,4.600,92.0
mth,4,4.600,92.0
rubrick,2,4.900,98.0
kaustav,2,4.900,98.0
sen,4,4.750,95.0
grm,2,4.800,96.0
meat,2,4.800,96.0
vegetables,2,4.800,96.0
patiently,4,4.400,88.0
kanour,2,4.700,94.0
parmar,2,4.500,90.0
accomodating,2,4.500,90.0
rajendra,2,4.500,90.0
refreshment,4,4.600,92.0
digitalised,2,4.600,92.0
inventions,1,4.600,92.0
chapters,1,4.600,92.0
kvpy,2,4.300,86.0
profound,2,4.400,88.0
forgot,2,4.400,88.0
cutoffs,2,4.400,88.0
gymnastics,2,4.400,88.0
bonded,2,4.400,88.0
lifting,6,4.600,92.0
businesses,2,4.400,88.0
iitks,2,4.400,88.0
compromising,2,4.400,88.0
weight,6,4.600,92.0
vinci,2,4.800,96.0
doutsche,2,4.800,96.0
anshuman,4,4.700,94.0
ventilator,2,4.800,96.0
nocca,2,4.800,96.0
homes,4,4.300,86.0
ugc,2,4.900,98.0
renounced,2,4.900,98.0
citrix,2,4.500,90.0
facilitating,2,4.900,98.0
eightfold,2,4.900,98.0
subhradeep,2,4.900,98.0
transforming,2,4.900,98.0
microscopes,2,4.900,98.0
samantray,2,4.900,98.0
lti,2,4.900,98.0
matlab,2,5.000,100.0
shivany,2,4.900,98.0
hridai,2,4.900,98.0
deny,4,4.500,90.0
mia,2,4.500,90.0
mama,2,4.500,90.0
deborathi,2,4.600,92.0
motorsports,2,5.000,100.0
vedang,2,5.000,100.0
iiitk,2,5.000,100.0
entertain,2,5.000,100.0
bikash,1,5.000,100.0
periodicals,2,5.000,100.0
anshit,2,4.700,94.0
acknowledged,4,4.700,94.0
ridham,2,4.700,94.0
romaing,2,4.700,94.0
varad,2,4.700,94.0
mitsubishi,6,4.800,96.0
blended,2,4.700,94.0
heavily,8,4.775,95.5
indrani,2,4.600,92.0
nekkili,2,4.600,92.0
sanchita,2,4.900,98.0
sounds,2,4.800,96.0
breeze,2,4.800,96.0
chirping,2,4.800,96.0
geo,2,4.800,96.0
birds,8,4.750,95.0
duli,2,4.800,96.0
nawazuddin,2,4.600,92.0
cram,2,4.600,92.0
esc,2,4.600,92.0
phy,2,4.600,92.0
chm,2,4.600,92.0
electrics,4,4.500,90.0
takeoff,2,4.800,96.0
illuminated,2,4.800,96.0
lacuna,2,4.800,96.0
underprivileged,2,5.000,100.0
null,4,5.000,100.0
kachari,2,4.900,98.0
priyakhee,2,4.900,98.0
nitesh,4,4.600,92.0
snt,2,4.800,96.0
mahala,2,4.800,96.0
nm,2,4.800,96.0
casio,2,4.900,98.0
nadda,2,4.900,98.0
noncore,2,4.600,92.0
katiyar,2,4.800,96.0
manpreet,2,4.700,94.0
sajal,2,4.900,98.0
newcomers,2,4.900,98.0
observe,2,4.900,98.0
provi,1,5.000,100.0
shri,4,4.500,90.0
ues,1,4.200,84.0
katara,2,4.200,84.0
swaroop,2,4.200,84.0
fulkerson,2,4.200,84.0
brilliance,2,4.200,84.0
shanti,2,4.200,84.0
bhavnagar,2,4.200,84.0
mature,2,4.700,94.0
backup,2,4.700,94.0
inducted,2,4.700,94.0
shourya,2,4.700,94.0
ase,2,4.300,86.0
battu,2,4.300,86.0
conclusion,2,4.300,86.0
judging,2,4.300,86.0
shivank,2,4.300,86.0
pkk,2,4.300,86.0
genins,2,4.800,96.0
buidled,2,4.700,94.0
guarantee,2,4.700,94.0
mcms,2,4.800,96.0
ranjeet,2,4.800,96.0
hotspots,2,5.000,100.0
empowers,2,5.000,100.0
inmates,2,5.000,100.0
storehouse,2,5.000,100.0
fro,2,5.000,100.0
festical,2,5.000,100.0
rishav,4,4.700,94.0
guwahati,2,5.000,100.0
flood,2,5.000,100.0
oversees,2,5.000,100.0
katheria,2,4.800,96.0
inspiration,2,4.800,96.0
ingenious,2,4.800,96.0
jorwal,2,4.700,94.0
subham,2,4.700,94.0
sixty,8,4.825,96.5
inferno,2,4.800,96.0
assures,2,4.800,96.0
ferry,2,4.800,96.0
wathore,2,4.500,90.0
sw,2,4.500,90.0
jist,2,4.800,96.0
totality,2,4.800,96.0
kashish,2,4.800,96.0
biomaterials,2,4.800,96.0
tissue,2,4.800,96.0
applicants,2,5.000,100.0
fortunate,4,4.750,95.0
provid,1,5.000,100.0
british,2,4.900,98.0
hemant,3,4.933,98.7
swachhatoa,2,4.100,82.0
zebronics,4,4.000,80.0
attends,4,4.100,82.0
tirthraj,2,3.800,76.0
springs,6,4.100,82.0
engine,4,4.300,86.0
circular,2,4.500,90.0
swastik,2,4.500,90.0
mudhuakhilnaik,6,4.567,91.3
banoth,8,4.600,92.0
incorporate,2,3.700,74.0
illumination,2,3.700,74.0
marathons,2,3.700,74.0
diwali,2,3.700,74.0
sundar,2,3.700,74.0
nehru,4,4.250,85.0
cdc,2,3.700,74.0
sougata,2,3.700,74.0
mansi,4,4.450,89.0
buddha,2,4.700,94.0
vignesh,2,4.700,94.0
suggestions,2,4.300,86.0
keerthana,4,4.400,88.0
pujala,2,4.300,86.0
sayan,2,4.400,88.0
fusion,2,4.400,88.0
spring,2,4.400,88.0
wet,2,4.400,88.0
exceeds,2,4.400,88.0
mmm,2,4.400,88.0
sarkar,2,4.400,88.0
raw,2,4.500,90.0
moond,2,4.500,90.0
australian,2,4.500,90.0
exposes,2,4.600,92.0
martin,2,4.600,92.0
nagirikatakam,2,4.600,92.0
cooked,2,4.600,92.0
horrendous,2,4.600,92.0
latency,2,4.600,92.0
hql,2,5.000,100.0
indulge,6,4.867,97.3
thoughts,2,4.800,96.0
biswajeet,2,4.800,96.0
contractor,2,4.800,96.0
alongside,8,4.775,95.5
nishanth,2,4.700,94.0
showcased,1,4.400,88.0
llm,1,4.400,88.0
exxon,1,4.400,88.0
kharagpurplacements,1,4.400,88.0
fetched,1,4.400,88.0
chakrabarty,2,4.600,92.0
shaastra,47,4.643,92.9
chnadra,1,5.000,100.0
saarang,81,4.561,91.2
ril,2,4.600,92.0
iitm,101,4.555,91.1
sagnik,2,4.600,92.0
parasad,1,5.000,100.0
fuels,2,4.600,92.0
lunavath,1,5.000,100.0
cpcl,2,4.400,88.0
tejavath,2,4.400,88.0
jungle,2,4.400,88.0
sarang,8,4.725,94.5
astronaut,2,4.500,90.0
thalabathula,2,4.500,90.0
chetana,2,4.500,90.0
corrector,2,4.500,90.0
mild,2,4.100,82.0
hegde,6,4.367,87.3
descriptive,4,4.750,95.0
nuthan,2,4.500,90.0
clubbing,2,4.400,88.0
thappana,2,4.400,88.0
zaitoon,8,4.800,96.0
dubai,2,4.400,88.0
uavs,2,4.400,88.0
mathematically,2,4.400,88.0
biweekly,2,4.400,88.0
vallabhaneni,2,4.500,90.0
comics,2,4.500,90.0
momentive,2,4.500,90.0
pragna,2,4.500,90.0
storybooks,2,4.500,90.0
delloite,2,4.800,96.0
vibes,4,4.700,94.0
arthur,2,4.800,96.0
payanshu,2,4.800,96.0
mme,2,4.800,96.0
alternative,2,4.800,96.0
frontiers,2,4.600,92.0
inculcate,2,4.600,92.0
bathing,2,4.600,92.0
akaash,2,4.600,92.0
periodically,2,4.600,92.0
atharva,2,4.300,86.0
culturals,6,4.267,85.3
tracked,2,4.300,86.0
pov,2,4.300,86.0
commuting,2,4.300,86.0
replacement,2,4.300,86.0
darsheel,2,4.300,86.0
subsequent,2,4.300,86.0
jithuka,2,4.500,90.0
srikar,2,4.500,90.0
introverts,2,4.500,90.0
thrive,2,4.500,90.0
esb,2,4.500,90.0
ceilings,2,3.700,74.0
inconsistent,2,3.700,74.0
uneasiness,2,3.700,74.0
tanishq,2,3.700,74.0
juvvalapalli,2,3.700,74.0
kitchen,2,3.900,78.0
successive,2,4.900,98.0
dara,2,4.900,98.0
separated,2,4.900,98.0
nikam,3,5.000,100.0
shiven,3,5.000,100.0
calmness,4,4.800,96.0
rishitha,4,4.800,96.0
nso,6,4.667,93.3
baddam,4,5.000,100.0
deer,27,4.715,94.3
monkeys,30,4.630,92.6
vishnukanthreddy,4,5.000,100.0
guindy,6,4.800,96.0
courtyard,2,5.000,100.0
shuttle,8,4.825,96.5
srinidhi,4,4.900,98.0
realize,6,4.833,96.7
shashtara,6,4.933,98.7
naugariya,4,4.900,98.0
canara,8,4.875,97.5
deers,18,4.667,93.3
dustbin,4,4.900,98.0
enforce,4,4.900,98.0
alternatively,6,4.933,98.7
nil,6,4.933,98.7
cn,4,4.900,98.0
sickness,6,4.933,98.7
polavaram,4,5.000,100.0
advisors,6,5.000,100.0
symantec,4,5.000,100.0
emmadi,4,5.000,100.0
hike,4,5.000,100.0
excellency,4,5.000,100.0
blackbucks,14,4.700,94.0
techsoc,6,4.667,93.3
grad,4,4.800,96.0
species,8,4.725,94.5
shroeter,4,4.800,96.0
endangered,4,4.800,96.0
litsoc,4,4.800,96.0
disorganised,4,5.000,100.0
beach,9,4.622,92.4
rh,4,5.000,100.0
tvs,4,5.000,100.0
reserve,4,5.000,100.0
rishab,4,5.000,100.0
chrysler,4,5.000,100.0
snakes,4,5.000,100.0
soccer,4,5.000,100.0
saarangi,4,5.000,100.0
continued,4,5.000,100.0
relaid,4,5.000,100.0
harikrishnan,4,5.000,100.0
trough,4,4.900,98.0
chemplast,6,4.767,95.3
cricketers,4,4.900,98.0
murali,4,4.900,98.0
tambade,4,4.900,98.0
downsides,4,4.500,90.0
lifestyles,4,4.500,90.0
crazier,4,4.500,90.0
prasanth,4,4.500,90.0
sleepy,4,4.500,90.0
arguments,4,4.500,90.0
acquaintances,4,4.500,90.0
needn,4,4.500,90.0
circle,4,4.500,90.0
heated,4,4.500,90.0
redbull,4,4.500,90.0
classmate,4,4.500,90.0
gollakota,4,4.500,90.0
vegi,4,4.400,88.0
turning,4,4.400,88.0
massively,4,4.400,88.0
floods,4,4.400,88.0
paradise,4,4.400,88.0
hv,4,4.400,88.0
supposedly,4,4.700,94.0
taran,4,4.700,94.0
td,4,4.700,94.0
renewal,4,4.700,94.0
ladder,6,4.700,94.0
iso,10,4.640,92.8
himalaya,6,4.700,94.0
teas,4,4.800,96.0
tn,4,4.800,96.0
navy,4,4.800,96.0
aravind,6,4.733,94.7
partial,4,4.800,96.0
stick,4,4.800,96.0
essentially,4,4.800,96.0
ramakrishnan,4,4.800,96.0
brilliantly,4,4.800,96.0
irctc,6,4.533,90.7
dk,4,4.800,96.0
heater,4,4.800,96.0
derek,4,4.800,96.0
kuttikkat,4,4.800,96.0
philips,6,4.833,96.7
viswamithiran,4,4.700,94.0
perpetrating,4,4.700,94.0
amalgam,4,4.700,94.0
pressures,4,4.700,94.0
adjacent,4,4.700,94.0
adopting,4,4.700,94.0
adithya,6,4.667,93.3
infamously,4,4.700,94.0
tolerable,4,4.700,94.0
rung,4,4.700,94.0
captivate,4,4.700,94.0
unbreakable,4,4.600,92.0
wins,4,4.600,92.0
gera,4,4.600,92.0
promises,4,4.700,94.0
galipalli,4,4.700,94.0
sourced,16,4.431,88.6
infoedge,16,4.431,88.6
collins,16,4.431,88.6
conclude,18,4.472,89.4
demolish,16,4.431,88.6
addverb,16,4.431,88.6
euler,16,4.431,88.6
tricky,3,4.600,92.0
mandakini,13,4.554,91.1
collaborated,4,4.450,89.0
favorable,2,4.600,92.0
neering,1,4.400,88.0
simpler,2,4.600,92.0
swetha,2,4.600,92.0
mou,2,4.600,92.0
clgs,1,4.400,88.0
chef,2,4.400,88.0
astt,2,4.100,82.0
er,2,4.100,82.0
asst,2,4.100,82.0
sancks,2,4.100,82.0
employee,2,4.100,82.0
majar,2,4.100,82.0
sala,2,4.700,94.0
srihari,2,4.800,96.0
kharol,2,4.800,96.0
samsang,2,4.800,96.0
widespread,2,4.800,96.0
requirting,2,4.800,96.0
relivent,2,4.800,96.0
afi,2,5.000,100.0
condicinor,2,5.000,100.0
recoend,2,5.000,100.0
legend,2,5.000,100.0
explaination,2,5.000,100.0
ludo,2,5.000,100.0
chees,2,5.000,100.0
bg,2,5.000,100.0
cantenare,2,5.000,100.0
occured,2,5.000,100.0
anuraj,2,4.800,96.0
donation,2,4.800,96.0
purchased,4,4.650,93.0
ladders,2,4.800,96.0
sliding,4,4.650,93.0
inventor,2,4.800,96.0
model,6,4.767,95.3
myrr,2,4.800,96.0
condontion,2,4.800,96.0
drugs,2,4.800,96.0
forgets,2,4.800,96.0
highlighting,2,4.800,96.0
mingle,2,4.800,96.0
op,2,4.200,84.0
correctly,4,4.350,87.0
executing,2,4.200,84.0
boarding,2,4.200,84.0
blast,4,4.550,91.0
analysed,2,4.400,88.0
jains,2,4.400,88.0
declining,2,4.400,88.0
vegetarians,2,4.400,88.0
omprakash,2,4.500,90.0
wellness,2,4.600,92.0
zydus,4,4.800,96.0
nag,2,4.600,92.0
shouradeep,2,4.600,92.0
tendency,2,3.600,72.0
talha,2,3.600,72.0
matheen,2,3.600,72.0
ranjeev,2,3.800,76.0
notifications,2,4.400,88.0
iiseradmission,2,4.400,88.0
enviromental,2,4.300,86.0
thur,2,4.300,86.0
duties,1,4.400,88.0
couldnot,2,4.300,86.0
llege,1,4.400,88.0
bishwajit,2,4.300,86.0
akme,2,4.300,86.0
riyaz,2,4.300,86.0
averagely,4,4.450,89.0
remarks,2,4.400,88.0
exercises,2,4.400,88.0
lifeline,2,4.500,90.0
organisng,2,4.500,90.0
dean,2,4.500,90.0
experimenting,2,4.500,90.0
whatsapp,4,4.500,90.0
enquired,2,4.500,90.0
musirana,2,4.500,90.0
siva,9,4.533,90.7
talapureddi,2,4.800,96.0
satya,2,4.800,96.0
mantu,2,4.900,98.0
attendant,2,4.900,98.0
bhukya,8,4.500,90.0
jaya,2,4.000,80.0
rama,4,4.400,88.0
kv,2,4.000,80.0
kotipalli,2,4.000,80.0
vara,2,4.000,80.0
convey,2,4.000,80.0
inexistent,2,4.400,88.0
fp,2,4.400,88.0
phulabndhe,2,4.400,88.0
falgun,2,4.400,88.0
shastra,21,4.524,90.5
author,2,4.200,84.0
cortes,2,4.200,84.0
nccrd,2,4.800,96.0
cal,2,4.800,96.0
combustion,2,4.800,96.0
northeast,2,5.000,100.0
partnered,5,4.680,93.6
cot,4,4.600,92.0
vhs,2,5.000,100.0
quadruple,2,5.000,100.0
vision,4,5.000,100.0
mariam,2,5.000,100.0
kripa,2,5.000,100.0
sahin,2,5.000,100.0
maruf,4,4.950,99.0
islam,4,4.950,99.0
emerson,2,5.000,100.0
continually,2,5.000,100.0
aerotek,2,5.000,100.0
travels,2,5.000,100.0
primitive,2,5.000,100.0
conversational,2,4.500,90.0
calculation,2,4.500,90.0
qz,2,4.500,90.0
jivan,2,4.500,90.0
zoom,4,4.350,87.0
prerecorded,2,4.500,90.0
gaa,2,4.500,90.0
kanti,2,4.500,90.0
sandisk,4,4.600,92.0
questionnaires,2,4.500,90.0
javascript,2,4.500,90.0
xml,2,4.500,90.0
cypress,6,4.667,93.3
redpine,2,4.500,90.0
html,2,4.500,90.0
maxlinear,2,4.500,90.0
wholely,2,4.500,90.0
arushi,2,4.500,90.0
messaging,2,4.500,90.0
btec,5,4.140,82.8
bhuban,2,4.800,96.0
airfilling,2,4.800,96.0
hans,2,4.800,96.0
anamika,1,5.000,100.0
fibooks,2,4.800,96.0
hopes,2,4.400,88.0
displays,2,4.600,92.0
desks,4,4.700,94.0
dom,2,4.600,92.0
demonstrated,4,4.737,94.8
somnath,2,4.600,92.0
wooded,2,4.800,96.0
concluded,2,4.800,96.0
cetak,2,4.800,96.0
hectares,4,4.800,96.0
sixteen,2,4.800,96.0
paradox,27,4.430,88.6
tiresome,2,4.600,92.0
swiftly,2,4.600,92.0
strategically,2,4.600,92.0
visuals,2,4.600,92.0
aiml,2,4.600,92.0
parados,2,4.800,96.0
freshmen,4,4.750,95.0
guru,4,4.850,97.0
rollercoaster,2,4.700,94.0
crying,2,4.700,94.0
emotions,2,4.700,94.0
roller,4,4.500,90.0
coaster,4,4.500,90.0
manuvaly,2,3.900,78.0
cart,2,3.900,78.0
semister,2,3.900,78.0
june,5,4.040,80.8
iic,2,4.200,84.0
oppe,2,3.900,78.0
trilok,2,3.900,78.0
defiantly,2,4.100,82.0
lap,2,4.100,82.0
iddd,8,4.350,87.0
margazhi,1,4.200,84.0
filtered,3,4.467,89.3
concession,1,4.200,84.0
operator,2,4.200,84.0
endterms,1,4.200,84.0
pardox,1,4.200,84.0
ion,1,4.200,84.0
generate,6,4.208,84.2
dashboard,2,4.200,84.0
saavan,1,4.200,84.0
corizo,2,4.200,84.0
eligiblity,2,4.200,84.0
mentioning,4,4.100,82.0
gostels,2,4.200,84.0
attlassion,2,4.600,92.0
introduces,2,4.100,82.0
trimester,12,4.467,89.3
milanjyoti,2,4.300,86.0
prajkata,2,4.800,96.0
buskman,2,4.700,94.0
renault,12,4.750,95.0
conductedsmoothlyr,2,4.700,94.0
shubhansh,2,4.600,92.0
varshney,2,4.600,92.0
meetups,6,4.033,80.7
hybrid,4,4.450,89.0
khalifa,2,4.200,84.0
portronics,2,4.200,84.0
kajhgy,2,4.200,84.0
rajnikanth,2,4.200,84.0
kamath,2,4.200,84.0
boat,2,4.200,84.0
disadvantages,2,3.800,76.0
evan,2,3.800,76.0
ope,2,4.100,82.0
discourse,4,4.550,91.0
pod,2,4.100,82.0
elections,3,4.333,86.7
boosting,2,4.100,82.0
deputy,2,4.100,82.0
barnwal,2,4.400,88.0
neglecting,2,4.400,88.0
buckman,2,5.000,100.0
symphony,2,5.000,100.0
simon,2,4.400,88.0
shashtra,2,4.400,88.0
jabroyd,4,4.400,88.0
nissan,6,4.600,92.0
adityasingh,2,4.400,88.0
fraser,2,4.400,88.0
cargill,1,4.400,88.0
kyro,1,4.400,88.0
rntbci,1,4.400,88.0
pradox,2,4.700,94.0
annul,2,4.700,94.0
branding,2,4.400,88.0
akshar,2,4.400,88.0
prompt,4,4.400,88.0
anirban,2,4.200,84.0
bsnl,2,3.900,78.0
prooves,2,3.900,78.0
aee,2,3.900,78.0
becuase,2,3.900,78.0
collegw,2,4.800,96.0
contacted,2,4.800,96.0
silently,2,4.800,96.0
subtitle,2,4.500,90.0
parmeet,2,4.700,94.0
formulated,2,4.700,94.0
adopted,4,4.750,95.0
revising,2,4.600,92.0
jeet,2,4.600,92.0
humid,4,4.650,93.0
ritu,2,4.500,90.0
logically,2,4.500,90.0
socialize,2,4.500,90.0
earned,2,4.500,90.0
saving,2,4.300,86.0
absence,2,4.300,86.0
pledged,2,3.800,76.0
textbook,2,3.800,76.0
replacing,2,3.800,76.0
sponsor,2,3.800,76.0
diplomas,2,3.800,76.0
highe,1,3.800,76.0
tejas,4,4.550,91.0
iyengar,1,5.000,100.0
ropar,1,5.000,100.0
patare,2,4.600,92.0
kishar,1,5.000,100.0
sudarshan,1,5.000,100.0
bhadra,2,4.500,90.0
mbbs,2,4.500,90.0
graves,2,4.500,90.0
immunology,2,4.500,90.0
admiring,2,4.500,90.0
chore,2,4.500,90.0
uncomfort,2,4.500,90.0
kaveri,2,4.500,90.0
popularity,2,4.500,90.0
dna,2,4.500,90.0
dushyant,2,4.900,98.0
bhadauriya,2,4.900,98.0
shekhawat,2,5.000,100.0
forum,2,5.000,100.0
savindra,2,5.000,100.0
gathering,2,4.700,94.0
explanation,6,4.233,84.7
availing,2,4.700,94.0
syngene,2,3.900,78.0
raninga,2,3.900,78.0
prefered,2,3.800,76.0
unacademy,4,4.400,88.0
fashioned,2,3.800,76.0
bugs,2,4.500,90.0
iist,4,4.550,91.0
seated,2,4.400,88.0
watsa,4,4.700,94.0
legislator,2,4.400,88.0
icts,2,4.400,88.0
vedantu,2,4.400,88.0
fits,2,4.400,88.0
backlog,2,4.400,88.0
proctored,4,4.550,91.0
expose,5,4.520,90.4
namasivayam,2,4.500,90.0
jagannidhi,2,4.500,90.0
vigor,2,5.000,100.0
trexquant,2,5.000,100.0
fills,2,5.000,100.0
mere,2,5.000,100.0
facilitiies,2,5.000,100.0
permitted,2,5.000,100.0
racquet,2,5.000,100.0
ldap,2,5.000,100.0
cadila,2,5.000,100.0
cans,2,5.000,100.0
supplementing,2,5.000,100.0
teachings,2,5.000,100.0
slightest,2,5.000,100.0
refrigerators,2,5.000,100.0
feelings,2,5.000,100.0
moisture,2,5.000,100.0
ratna,2,5.000,100.0
airi,2,4.600,92.0
cadence,2,4.500,90.0
instantly,2,4.500,90.0
fever,2,4.500,90.0
xilinx,2,4.500,90.0
photonics,2,4.500,90.0
himalayas,2,4.500,90.0
playrooms,2,4.500,90.0
conversations,2,4.500,90.0
tube,2,4.500,90.0
memorising,2,4.500,90.0
antenna,2,4.500,90.0
advancement,2,4.800,96.0
nivin,2,4.500,90.0
funda,2,4.500,90.0
termed,4,4.300,86.0
subtract,2,4.600,92.0
krishnadas,2,4.600,92.0
dug,2,4.600,92.0
freeship,2,4.600,92.0
objections,2,4.300,86.0
singha,2,4.300,86.0
abhijit,2,4.300,86.0
sanctuary,2,4.000,80.0
allahabad,2,4.000,80.0
meditation,2,4.000,80.0
jackals,2,4.000,80.0
kit,1,4.000,80.0
sustained,2,4.000,80.0
foxes,2,4.000,80.0
smoking,2,4.000,80.0
harm,2,4.000,80.0
nn,2,4.400,88.0
nikhare,2,4.400,88.0
sync,2,4.400,88.0
progs,2,4.400,88.0
experiance,2,4.400,88.0
merc,2,4.400,88.0
bhuvanagiri,2,4.700,94.0
conserving,2,4.300,86.0
investigation,2,4.300,86.0
conserve,2,4.300,86.0
nirbhay,2,4.300,86.0
nt,2,4.300,86.0
officials,2,4.300,86.0
extinct,2,4.300,86.0
ply,2,4.300,86.0
pigeons,2,4.300,86.0
tiwary,2,4.300,86.0
hurrying,2,4.500,90.0
cw,2,4.500,90.0
suddenly,2,4.500,90.0
virgo,2,4.500,90.0
cfi,15,4.427,88.5
wable,2,4.500,90.0
cluster,2,4.500,90.0
flourishing,2,4.500,90.0
reputable,2,3.800,76.0
song,2,4.500,90.0
responsive,2,4.500,90.0
explains,2,4.500,90.0
seekh,2,4.000,80.0
rigrous,2,4.000,80.0
imaginative,2,4.000,80.0
datascience,2,4.000,80.0
teching,2,4.000,80.0
abke,2,4.000,80.0
bhatt,2,4.000,80.0
gies,2,4.000,80.0
height,2,4.000,80.0
offcampus,2,4.000,80.0
technicals,2,4.000,80.0
facu,2,4.500,90.0
assement,2,4.500,90.0
orient,2,4.600,92.0
maintened,2,4.600,92.0
aromal,2,4.600,92.0
faheem,2,5.000,100.0
ny,2,5.000,100.0
trustable,2,5.000,100.0
maaz,2,4.500,90.0
bsc,2,4.500,90.0
karim,2,4.500,90.0
seasonally,2,3.600,72.0
boredom,2,3.400,68.0
sttas,2,3.400,68.0
ct,2,3.400,68.0
updating,6,4.333,86.7
absoulutely,2,4.300,86.0
fculities,2,4.300,86.0
mocktest,2,4.300,86.0
packege,2,4.300,86.0
transipt,2,4.300,86.0
afforts,2,4.300,86.0
accomodation,2,5.000,100.0
webinar,2,5.000,100.0
mediate,2,5.000,100.0
elaborating,2,5.000,100.0
socialising,2,4.600,92.0
himangshu,2,4.600,92.0
adyar,1,4.200,84.0
token,2,4.600,92.0
metaverse,2,5.000,100.0
vyshnav,2,5.000,100.0
varma,2,5.000,100.0
ajmeri,2,5.000,100.0
openai,2,5.000,100.0
compel,2,5.000,100.0
thats,2,5.000,100.0
joseph,2,5.000,100.0
kevin,2,5.000,100.0
tooics,2,5.000,100.0
codechef,2,5.000,100.0
monika,2,4.600,92.0
visionary,4,4.550,91.0
executives,4,4.550,91.0
vlm,4,4.550,91.0
pgpex,4,4.550,91.0
adhithya,2,5.000,100.0
calculus,2,5.000,100.0
algebra,2,5.000,100.0
sashi,2,5.000,100.0
andrew,2,5.000,100.0
multivariable,2,5.000,100.0
linear,2,5.000,100.0
definately,2,5.000,100.0
instituton,2,5.000,100.0
devshankar,2,4.500,90.0
garch,2,4.500,90.0
knn,2,4.500,90.0
naive,2,4.500,90.0
clustering,2,4.500,90.0
regression,2,4.500,90.0
bayes,2,4.500,90.0
arima,2,4.500,90.0
neighbours,2,4.500,90.0
delighted,2,5.000,100.0
ruhela,2,5.000,100.0
belonged,2,5.000,100.0
ecofriendly,2,5.000,100.0
aswin,4,5.000,100.0
dutt,2,5.000,100.0
dasari,4,5.000,100.0
shanmugam,2,4.700,94.0
astrazeneca,4,4.800,96.0
assessed,2,4.450,89.0
doms,13,4.415,88.3
suzuki,4,4.400,88.0
instructions,4,4.312,86.2
supplements,1,5.000,100.0
mckency,2,5.000,100.0
familiarized,1,5.000,100.0
inflate,2,4.625,92.5
ann,2,4.625,92.5
iowa,2,4.625,92.5
blessing,4,4.463,89.2
philip,2,4.625,92.5
tweak,2,4.625,92.5
nevertheless,2,4.125,82.5
hj,2,4.125,82.5
reminds,2,4.375,87.5
possibility,2,4.375,87.5
helsinki,2,4.875,97.5
essen,2,4.875,97.5
queuing,2,4.875,97.5
speaks,2,4.875,97.5
salzburg,2,4.875,97.5
finland,2,4.875,97.5
mannheim,2,4.875,97.5
nanyang,2,4.875,97.5
kyungpook,2,4.875,97.5
qed,2,4.875,97.5
duisburg,2,4.875,97.5
bremen,2,4.875,97.5
universitiet,2,4.875,97.5
innsbruck,2,4.875,97.5
concordia,2,4.875,97.5
austria,2,4.875,97.5
isb,2,4.875,97.5
mous,2,4.875,97.5
polytechnic,2,4.875,97.5
nyenrode,2,4.875,97.5
lnmiitian,2,4.125,82.5
lists,2,4.125,82.5
canvas,2,4.125,82.5
lemonade,2,4.125,82.5
jaipur,2,4.125,82.5
complacent,2,4.125,82.5
mainstream,2,4.125,82.5
samria,2,4.125,82.5
blank,2,4.125,82.5
cry,2,4.125,82.5
striving,2,4.125,82.5
lemons,2,4.125,82.5
milieu,2,4.125,82.5
lnmiit,2,4.125,82.5
deserves,2,4.125,82.5
aravalli,2,4.125,82.5
clarifying,3,4.667,93.3
ssemster,2,4.500,90.0
swaranmukhi,2,4.500,90.0
habits,2,4.500,90.0
aesec,2,4.400,88.0
agasthya,2,4.400,88.0
nathi,2,4.400,88.0
autodesk,2,4.400,88.0
battery,2,4.100,82.0
jasta,2,4.800,96.0
saraang,2,4.800,96.0
cots,2,4.800,96.0
cea,2,4.200,84.0
amus,2,4.100,82.0
handwritten,2,4.300,86.0
instute,2,4.700,94.0
organs,2,4.700,94.0
omkar,2,4.700,94.0
mounika,2,4.600,92.0
nandamuri,2,4.600,92.0
jaabili,2,4.600,92.0
bardhan,2,4.600,92.0
sarika,2,3.600,72.0
thokala,2,3.600,72.0
breakup,2,4.200,84.0
stalwart,2,4.200,84.0
namura,1,4.800,96.0
samriddha,1,4.800,96.0
groww,1,4.800,96.0
parshapu,2,4.500,90.0
employs,2,4.400,88.0
wardrobes,2,4.400,88.0
farseen,2,4.400,88.0
restrooms,4,4.350,87.0
malaviya,2,4.700,94.0
sockets,2,4.700,94.0
fahis,2,4.600,92.0
cochin,4,4.550,91.0
shipyard,4,4.550,91.0
calculating,2,4.600,92.0
calculated,2,4.600,92.0
muhemmed,2,4.600,92.0
yukti,2,4.100,82.0
submut,2,4.100,82.0
yashi,2,4.000,80.0
vaja,2,4.500,90.0
varshith,2,4.500,90.0
construct,2,4.500,90.0
veronica,2,4.000,80.0
seventhsemester,2,4.000,80.0
cep,2,4.000,80.0
wde,2,4.400,88.0
ie,4,4.450,89.0
octobear,2,4.400,88.0
himalya,2,4.400,88.0
vindhya,2,4.400,88.0
bulletin,2,4.400,88.0
undergone,2,4.600,92.0
qa,2,4.600,92.0
mtx,2,4.600,92.0
mle,2,4.600,92.0
pedantic,2,4.600,92.0
swe,2,4.600,92.0
hires,2,4.200,84.0
archaic,2,4.200,84.0
origin,2,4.200,84.0
maniar,2,4.200,84.0
rithvik,2,4.400,88.0
kanakamedala,2,4.400,88.0
cakes,2,4.800,96.0
bokka,2,4.800,96.0
monkey,2,4.800,96.0
digitalized,2,4.800,96.0
saketh,2,4.800,96.0
drinks,2,4.800,96.0
scatter,2,4.800,96.0
sambar,2,4.800,96.0
naga,2,4.800,96.0
milkshakes,2,4.800,96.0
dal,2,4.800,96.0
manoja,2,4.800,96.0
chittiboina,2,4.800,96.0
harika,2,4.800,96.0
minimised,2,4.600,92.0
yashwanth,2,4.600,92.0
jarupla,2,4.600,92.0
discomfort,2,4.600,92.0
achievable,1,5.000,100.0
confusion,2,4.600,92.0
ant,2,4.600,92.0
iitr,2,4.500,90.0
flexing,2,4.500,90.0
editing,2,4.500,90.0
dud,2,4.500,90.0
flipcart,2,4.500,90.0
sofncoursed,2,4.500,90.0
gotninternship,2,4.500,90.0
syllabi,2,4.400,88.0
reddys,2,4.400,88.0
kowshik,2,4.400,88.0
schroeter,2,4.400,88.0
katam,2,4.400,88.0
veera,2,4.400,88.0
pratik,2,4.500,90.0
cats,2,4.500,90.0
reaction,2,4.500,90.0
dhande,2,4.500,90.0
gagandeep,2,4.700,94.0
ashfan,2,4.300,86.0
ahamed,2,4.300,86.0
raushan,2,4.400,88.0
bhavadeep,2,4.800,96.0
jaina,2,4.800,96.0
malfunction,2,4.900,98.0
regrading,2,4.900,98.0
restroom,2,4.900,98.0
medals,2,4.700,94.0
rajasthan,2,4.700,94.0
sudip,2,4.500,90.0
bewildering,2,4.600,92.0
aridaman,2,4.600,92.0
champa,2,4.300,86.0
kushwanth,2,4.400,88.0
scribbled,2,4.500,90.0
autos,2,4.500,90.0
nurse,2,4.500,90.0
wealthy,2,4.400,88.0
wantings,2,4.400,88.0
clueless,2,4.300,86.0
scaling,2,4.300,86.0
poverty,2,4.300,86.0
tharun,2,4.300,86.0
mitr,2,4.300,86.0
nirman,2,4.300,86.0
positioned,2,4.300,86.0
warden,2,4.300,86.0
psc,1,4.200,84.0
spicejet,2,4.300,86.0
spereratly,2,4.500,90.0
laraib,2,4.700,94.0
balcony,4,4.450,89.0
hassan,2,4.700,94.0
elsa,2,4.500,90.0
consuming,2,4.500,90.0
jacqueline,2,4.500,90.0
binu,2,4.500,90.0
salute,2,4.200,84.0
redesigned,2,4.200,84.0
shouldn,6,4.367,87.3
changers,2,4.500,90.0
raman,4,4.750,95.0
acted,2,4.500,90.0
brokers,2,4.500,90.0
cleanly,2,4.500,90.0
insufficient,2,4.800,96.0
ounce,2,4.800,96.0
abreast,2,4.800,96.0
antony,2,4.800,96.0
limitation,2,4.800,96.0
unbearably,2,4.800,96.0
brainstorm,2,4.800,96.0
gopakumar,2,4.700,94.0
sooraj,2,4.700,94.0
unnecessarily,2,4.700,94.0
gopa,2,4.700,94.0
transforms,2,4.700,94.0
goggles,2,4.600,92.0
phc,2,4.600,92.0
bleak,2,4.600,92.0
ain,2,4.600,92.0
formats,2,4.600,92.0
amith,2,4.600,92.0
nerd,2,4.600,92.0
ebrahim,2,4.600,92.0
stereotypical,2,4.600,92.0
veeragandham,2,4.400,88.0
easwar,2,4.400,88.0
discounted,2,4.400,88.0
bagai,2,4.600,92.0
laveen,2,4.600,92.0
productively,2,4.600,92.0
bookish,2,4.600,92.0
surabhi,2,4.700,94.0
airway,2,4.700,94.0
vaayusaastra,2,4.700,94.0
koppuravuri,2,4.700,94.0
aeroplane,2,4.700,94.0
avergae,2,4.900,98.0
ramanujan,2,5.000,100.0
iitmwi,2,5.000,100.0
ambati,2,5.000,100.0
operable,2,5.000,100.0
atom,2,5.000,100.0
tomography,2,5.000,100.0
cheapest,2,5.000,100.0
nac,2,5.000,100.0
rayudu,2,5.000,100.0
probe,2,5.000,100.0
crc,4,5.000,100.0
feasible,2,4.600,92.0
unstoppable,2,4.600,92.0
buildin,1,4.200,84.0
antonson,1,4.600,92.0
lakkalkatti,2,4.700,94.0
subfield,2,4.800,96.0
natured,2,4.800,96.0
ncg,2,4.800,96.0
diversion,2,4.600,92.0
tyres,2,4.600,92.0
bhramaputra,2,4.600,92.0
inhibiting,2,4.600,92.0
inculcates,2,4.600,92.0
mrf,2,4.600,92.0
mrityunjay,2,4.600,92.0
freshman,2,4.600,92.0
spirit,2,4.600,92.0
speciality,2,4.600,92.0
seemala,2,4.500,90.0
wacom,2,4.700,94.0
maneesh,2,4.700,94.0
abinbev,2,4.700,94.0
ashfakh,2,4.900,98.0
rithu,2,4.900,98.0
quaint,2,4.900,98.0
steep,2,4.900,98.0
curve,2,4.900,98.0
dad,2,4.900,98.0
prototype,4,5.000,100.0
inspired,2,5.000,100.0
revolves,4,5.000,100.0
councillors,2,5.000,100.0
multiplexes,2,5.000,100.0
comprise,2,5.000,100.0
mins,2,5.000,100.0
prashanth,2,5.000,100.0
flaura,2,5.000,100.0
dp,2,5.000,100.0
dharamsoth,2,5.000,100.0
khanedelwal,2,4.300,86.0
marina,5,4.320,86.4
malav,2,4.200,84.0
testament,2,4.200,84.0
screened,2,4.900,98.0
taramani,2,4.700,94.0
colourful,2,4.700,94.0
ramana,2,4.700,94.0
phoenix,3,4.733,94.7
atm,2,4.700,94.0
intellectuals,2,4.700,94.0
walkable,3,4.733,94.7
catholic,2,4.700,94.0
sandilya,2,4.700,94.0
guesthouses,2,4.700,94.0
temples,5,4.840,96.8
nagalapuram,1,4.800,96.0
grove,1,4.800,96.0
converse,1,4.800,96.0
pondicherry,1,4.800,96.0
mahabalipuram,1,4.800,96.0
rospace,1,4.800,96.0
tada,1,4.800,96.0
beforehand,1,4.800,96.0
waterfalls,1,4.800,96.0
pichavaram,1,4.800,96.0
malpani,2,4.800,96.0
velachery,1,4.800,96.0
beaches,1,4.800,96.0
scarcity,2,4.800,96.0
trek,1,4.800,96.0
password,4,4.800,96.0
nuisance,2,4.600,92.0
protected,2,4.600,92.0
drawbacks,2,4.300,86.0
shots,2,4.300,86.0
scheduling,2,4.300,86.0
powerhouse,2,4.300,86.0
lif,2,4.300,86.0
supervised,2,4.500,90.0
buragadda,2,4.500,90.0
steadily,2,4.500,90.0
familiarise,2,4.500,90.0
exposures,2,4.500,90.0
ita,2,4.500,90.0
lingala,2,4.800,96.0
wonder,2,4.800,96.0
consecutively,2,4.800,96.0
mecca,2,4.800,96.0
treats,2,4.800,96.0
himalayan,2,4.800,96.0
protests,2,4.800,96.0
procedures,2,4.800,96.0
marque,2,4.800,96.0
exposire,2,5.000,100.0
lombard,2,5.000,100.0
bhandari,2,5.000,100.0
ahve,2,5.000,100.0
root,2,5.000,100.0
gapbetween,2,5.000,100.0
shaassthra,2,5.000,100.0
dissapointing,2,5.000,100.0
exaggerating,2,5.000,100.0
srinivas,2,5.000,100.0
akhtar,2,5.000,100.0
fountain,2,5.000,100.0
constitutes,2,5.000,100.0
stunt,2,5.000,100.0
stretch,2,5.000,100.0
roll,2,5.000,100.0
posina,2,5.000,100.0
demos,2,5.000,100.0
choreo,4,4.750,95.0
tabs,2,5.000,100.0
bp,2,5.000,100.0
outsiders,2,5.000,100.0
edm,2,5.000,100.0
shanis,2,5.000,100.0
cracking,2,5.000,100.0
zahil,2,5.000,100.0
larson,2,4.800,96.0
tourbro,2,4.800,96.0
counts,2,4.800,96.0
dhara,2,4.800,96.0
headed,2,4.800,96.0
karteek,2,4.800,96.0
framework,2,4.800,96.0
godavarthi,2,4.600,92.0
vedasri,2,4.600,92.0
strengthening,2,4.600,92.0
kunusoth,1,5.000,100.0
treebo,2,4.700,94.0
restricts,1,5.000,100.0
curtailed,2,4.700,94.0
lities,1,5.000,100.0
dcf,2,4.700,94.0
finds,2,4.700,94.0
vivid,2,4.700,94.0
gagan,2,4.700,94.0
vamsi,2,4.800,96.0
culturat,2,4.800,96.0
aishwarya,2,4.800,96.0
apartments,2,4.800,96.0
bv,2,5.000,100.0
arranges,2,5.000,100.0
techies,2,5.000,100.0
venkatesh,2,5.000,100.0
scientifically,2,5.000,100.0
baju,2,4.600,92.0
concentrates,2,4.700,94.0
siddique,2,5.000,100.0
funny,2,5.000,100.0
neutral,2,5.000,100.0
aboobacker,2,5.000,100.0
favourites,2,5.000,100.0
touched,2,5.000,100.0
assess,2,5.000,100.0
anvesh,2,5.000,100.0
swarnkar,2,4.800,96.0
moore,2,4.700,94.0
nadhi,2,4.700,94.0
overloaded,2,4.700,94.0
semwal,2,4.700,94.0
walter,2,4.700,94.0
sruthi,2,4.700,94.0
chandana,2,4.700,94.0
geddam,2,4.700,94.0
panorama,2,4.500,90.0
ddp,2,4.500,90.0
barre,2,4.500,90.0
sportsman,2,4.500,90.0
lingo,2,4.500,90.0
miriyala,2,4.600,92.0
gnana,2,4.600,92.0
tanmaiy,2,4.600,92.0
marker,2,4.600,92.0
mkts,2,4.900,98.0
glass,2,4.900,98.0
citicorp,2,4.900,98.0
division,2,4.900,98.0
ernst,4,4.700,94.0
xiaomi,2,4.900,98.0
metre,2,4.900,98.0
vantage,2,4.900,98.0
skewed,2,4.900,98.0
mmts,2,4.900,98.0
loyal,2,4.900,98.0
john,2,4.900,98.0
enfrien,2,4.900,98.0
exploit,2,4.900,98.0
cerner,2,4.900,98.0
backyard,2,4.900,98.0
lane,2,4.900,98.0
kabbage,2,4.900,98.0
llp,2,4.900,98.0
diving,2,4.900,98.0
orzota,2,4.900,98.0
relation,2,4.900,98.0
computerised,2,4.900,98.0
msci,2,4.900,98.0
innovaccer,2,4.900,98.0
sunlight,2,4.900,98.0
yellapu,2,4.900,98.0
verbal,2,4.700,94.0
basheer,2,4.700,94.0
fifty,2,4.700,94.0
modules,2,4.700,94.0
noufal,2,4.700,94.0
shy,2,4.300,86.0
augustin,2,4.500,90.0
rovigo,2,4.500,90.0
lambs,2,4.500,90.0
frisbeeing,2,4.500,90.0
shipping,2,4.500,90.0
warm,2,4.500,90.0
ourself,2,4.500,90.0
appliances,2,4.500,90.0
noel,2,4.500,90.0
cleanmax,2,4.500,90.0
noodle,2,4.500,90.0
powered,2,4.500,90.0
dramas,2,4.500,90.0
moved,2,4.500,90.0
wright,2,4.500,90.0
amadasoft,2,4.500,90.0
nanosystems,2,4.500,90.0
auditoria,2,4.500,90.0
ailments,2,4.500,90.0
abled,2,4.500,90.0
